ACAD9	KNDC1
ACTN4	AGRN
ACTN4	AHNAK
ACTN4	ANKFY1
ACTN4	AQP4
ACTN4	COL4A2
ACTN4	COL6A3
ACTN4	COPB1
ACTN4	CTNNA2
ACTN4	CTNND2
ACTN4	DLST
ACTN4	DSP
ACTN4	E9PEB9
ACTN4	EFTUD2
ACTN4	ERLIN2
ACTN4	FLNA
ACTN4	IQGAP1
ACTN4	KTN1
ACTN4	LAMB2
ACTN4	LAMC1
ACTN4	LRP1
ACTN4	MMS19
ACTN4	MTHFD1
ACTN4	MYH14
ACTN4	MYH9
ACTN4	MYO18A
ACTN4	NUMA1
ACTN4	PLEC
ACTN4	PLPP3
ACTN4	PRKCA
ACTN4	PRKDC
ACTN4	PRODH
ACTN4	PTPRA
ACTN4	RPN1
ACTN4	SESTD1
ACTN4	SLC1A3
ACTN4	SLC3A2
ACTN4	SPTAN1
ACTN4	SPTBN1
ACTN4	STXBP3
ACTN4	TINAGL1
ACTN4	TLN1
ACTN4	TNPO1
ACTN4	TRIO
ACTN4	XRCC5
ACTN4	XRCC6
ADD1	AGRN
ADD1	AHNAK
ADD1	ANKFY1
ADD1	AQP4
ADD1	COPG1
ADD1	CTNNA2
ADD1	CTNND2
ADD1	DHX9
ADD1	DSP
ADD1	EEF2
ADD1	EFTUD2
ADD1	EIF3B
ADD1	ERLIN2
ADD1	FARP1
ADD1	FLNA
ADD1	LAMB2
ADD1	LAMC1
ADD1	MTHFD1
ADD1	MYH9
ADD1	PLEC
ADD1	PLPP3
ADD1	PRKCA
ADD1	PTPRA
ADD1	SLC1A3
ADD1	SLC25A20
ADD1	SLC3A2
ADD1	TLN1
ADD1	TNPO1
ADD1	TRIO
ADD1	XRCC5
AGRN	AHNAK
AGRN	ANK1
AGRN	ANK2
AGRN	ANKFY1
AGRN	APP
AGRN	AQP4
AGRN	ATP1A2
AGRN	ATP6V1F
AGRN	ATP6V1G2
AGRN	BZW1
AGRN	COL4A2
AGRN	COL6A1
AGRN	COL6A3
AGRN	COPA
AGRN	COPB1
AGRN	COPG1
AGRN	CTNNA2
AGRN	CTNNB1
AGRN	CTNND2
AGRN	DARS
AGRN	DCLK2
AGRN	DDX39B
AGRN	DHX9
AGRN	DLST
AGRN	DSP
AGRN	E9PEB9
AGRN	DYNC1H1
AGRN	EEF2
AGRN	EFTUD2
AGRN	EIF3A
AGRN	EIF3B
AGRN	EPRS
AGRN	ERLIN2
AGRN	ETF1
AGRN	FABP3
AGRN	FARP1
AGRN	FASN
AGRN	FLNA
AGRN	FN3K
AGRN	FYN
AGRN	GAD1
AGRN	GBE1
AGRN	GPR37L1
AGRN	HAPLN4
AGRN	HNRNPU
AGRN	IQGAP1
AGRN	ISCA1
AGRN	KIF1A
AGRN	KNDC1
AGRN	KTN1
AGRN	LAMB2
AGRN	LAMC1
AGRN	LRP1
AGRN	LYPLAL1
AGRN	MACF1
AGRN	MAG
AGRN	MARC2
AGRN	MFN2
AGRN	MMS19
AGRN	MPP6
AGRN	MTHFD1
AGRN	MYH14
AGRN	MYH9
AGRN	MYO18A
AGRN	NCAM1
AGRN	NCAM2
AGRN	NEDD8-MDP1
AGRN	NRCAM
AGRN	NUMA1
AGRN	PC
AGRN	PCSK1N
AGRN	PFDN4
AGRN	PFDN5
AGRN	PLEC
AGRN	PODXL
AGRN	POR
AGRN	PLPP3
AGRN	PPP3CA
AGRN	PRDX3
AGRN	PRKCA
AGRN	PRKDC
AGRN	PRODH
AGRN	PRPF8
AGRN	PTPRA
AGRN	RPN1
AGRN	RPN2
AGRN	RUVBL2
AGRN	SESTD1
AGRN	SLC1A3
AGRN	SLC25A20
AGRN	SLC3A2
AGRN	SNCA
AGRN	SNCB
AGRN	SNCG
AGRN	SND1
AGRN	SPTAN1
AGRN	SPTBN1
AGRN	STOML2
AGRN	STXBP3
AGRN	SULT4A1
AGRN	SVIP
AGRN	TARS
AGRN	TGM2
AGRN	TINAGL1
AGRN	TLN1
AGRN	TLN2
AGRN	TNPO1
AGRN	TNR
AGRN	TOMM40
AGRN	TPR
AGRN	TRIO
AGRN	UBA6
AGRN	WBP2
AGRN	XPO1
AGRN	XRCC5
AGRN	XRCC6
AGRN	YKT6
AHNAK	ANKFY1
AHNAK	APP
AHNAK	AQP4
AHNAK	BZW1
AHNAK	COL4A2
AHNAK	COL6A1
AHNAK	COL6A3
AHNAK	CTNNA2
AHNAK	CTNNB1
AHNAK	CTNND2
AHNAK	DARS
AHNAK	DDX39B
AHNAK	DHX9
AHNAK	DLST
AHNAK	DSP
AHNAK	E9PEB9
AHNAK	EEF2
AHNAK	EFTUD2
AHNAK	EIF3A
AHNAK	EIF3B
AHNAK	EPRS
AHNAK	ERLIN2
AHNAK	ETF1
AHNAK	FARP1
AHNAK	FLNA
AHNAK	FN3K
AHNAK	FYN
AHNAK	GPR37L1
AHNAK	HNRNPU
AHNAK	IQGAP1
AHNAK	ISCA1
AHNAK	KTN1
AHNAK	LAMB2
AHNAK	LAMC1
AHNAK	LRP1
AHNAK	LYPLAL1
AHNAK	MACF1
AHNAK	MAG
AHNAK	MPP6
AHNAK	MTHFD1
AHNAK	MYH14
AHNAK	MYH9
AHNAK	MYO18A
AHNAK	NUMA1
AHNAK	OSBPL1A
AHNAK	PARP1
AHNAK	PFDN4
AHNAK	PLEC
AHNAK	PODXL
AHNAK	PLPP3
AHNAK	PRDX3
AHNAK	PRKCA
AHNAK	PRKDC
AHNAK	PRODH
AHNAK	PRPF8
AHNAK	PTPRA
AHNAK	RPN1
AHNAK	RPN2
AHNAK	RUVBL2
AHNAK	SLC1A3
AHNAK	SLC25A20
AHNAK	SLC3A2
AHNAK	SNCG
AHNAK	SPTAN1
AHNAK	SPTBN1
AHNAK	STXBP3
AHNAK	SULT4A1
AHNAK	TINAGL1
AHNAK	TLN1
AHNAK	TNR
AHNAK	TPR
AHNAK	TRIO
AHNAK	WBP2
AHNAK	XRCC5
AHNAK	XRCC6
AHNAK	YKT6
AK4	DLST
AK4	E9PEB9
AK4	IQGAP1
AK4	LAMB2
AK4	MACF1
AK4	PPP3CA
ANK1	ANK2
ANK1	ATP1A2
ANK1	ATP6V1F
ANK1	ATP6V1G2
ANK1	COL4A2
ANK1	COL6A3
ANK1	COPA
ANK1	COPB1
ANK1	CTNNB1
ANK1	CTNND2
ANK1	DDX39B
ANK1	DHX9
ANK1	E9PEB9
ANK1	DYNC1H1
ANK1	EIF3B
ANK1	EPRS
ANK1	FABP3
ANK1	FASN
ANK1	FN3K
ANK1	GAD1
ANK1	GBE1
ANK1	GPC1
ANK1	IPO5
ANK1	KIF1A
ANK1	KIF5B
ANK1	KNDC1
ANK1	KTN1
ANK1	LAMB2
ANK1	LAMC1
ANK1	LRP1
ANK1	MACF1
ANK1	MARC2
ANK1	MFN2
ANK1	MMS19
ANK1	MYH14
ANK1	MYH9
ANK1	MYO18A
ANK1	NCAM1
ANK1	NCAM2
ANK1	NEDD8-MDP1
ANK1	NUMA1
ANK1	PC
ANK1	PCBP1
ANK1	PCSK1N
ANK1	PFDN5
ANK1	PFKL
ANK1	PODXL
ANK1	POR
ANK1	PLPP3
ANK1	PRDX3
ANK1	PRKDC
ANK1	PRPF8
ANK1	PTPRA
ANK1	RPN2
ANK1	SLC1A3
ANK1	SLC25A20
ANK1	SNCA
ANK1	SNCG
ANK1	SND1
ANK1	SORT1
ANK1	SPTAN1
ANK1	SPTBN1
ANK1	STOML2
ANK1	SVIP
ANK1	TFG
ANK1	TGM2
ANK1	TLN2
ANK1	TMOD2
ANK1	TNR
ANK1	TOMM40
ANK1	TPR
ANK1	TRIO
ANK1	TTLL12
ANK1	UBA6
ANK1	XPO1
ANK1	XRCC6
ANK1	YKT6
ANK2	ATP1A2
ANK2	ATP6V1F
ANK2	ATP6V1G2
ANK2	COL4A2
ANK2	COL6A3
ANK2	COPA
ANK2	COPB1
ANK2	CTNNB1
ANK2	CTNND2
ANK2	DDX39B
ANK2	DHX9
ANK2	E9PEB9
ANK2	DYNC1H1
ANK2	EIF3B
ANK2	EPRS
ANK2	FABP3
ANK2	FARP1
ANK2	FASN
ANK2	FN3K
ANK2	GAD1
ANK2	GBE1
ANK2	GPC1
ANK2	IPO5
ANK2	KIF1A
ANK2	KNDC1
ANK2	KTN1
ANK2	LAMB2
ANK2	LAMC1
ANK2	LRP1
ANK2	MACF1
ANK2	MARC2
ANK2	MFN2
ANK2	MMS19
ANK2	MYH14
ANK2	MYH9
ANK2	MYO18A
ANK2	NCAM1
ANK2	NCAM2
ANK2	NEDD8-MDP1
ANK2	NUMA1
ANK2	PC
ANK2	PCBP1
ANK2	PCSK1N
ANK2	PFDN5
ANK2	PFKL
ANK2	PODXL
ANK2	POR
ANK2	PLPP3
ANK2	PRDX3
ANK2	PRKDC
ANK2	PRPF8
ANK2	PTPRA
ANK2	RPN1
ANK2	RPN2
ANK2	SLC1A3
ANK2	SLC25A20
ANK2	SNCA
ANK2	SNCG
ANK2	SND1
ANK2	SPTAN1
ANK2	SPTBN1
ANK2	STOML2
ANK2	SVIP
ANK2	TFG
ANK2	TGM2
ANK2	TINAGL1
ANK2	TLN1
ANK2	TLN2
ANK2	TMOD2
ANK2	TNR
ANK2	TOMM40
ANK2	TPR
ANK2	TRIO
ANK2	TTLL12
ANK2	UBA6
ANK2	XPO1
ANK2	XRCC6
ANK2	YKT6
ANKFY1	AQP4
ANKFY1	ATP6V1G2
ANKFY1	BZW1
ANKFY1	COL4A2
ANKFY1	COL6A1
ANKFY1	COL6A3
ANKFY1	COPA
ANKFY1	COPG1
ANKFY1	CTNNA2
ANKFY1	CTNND2
ANKFY1	DCLK2
ANKFY1	DHX9
ANKFY1	DSP
ANKFY1	E9PEB9
ANKFY1	DYNC1H1
ANKFY1	EEF2
ANKFY1	EFTUD2
ANKFY1	EIF3A
ANKFY1	EIF3B
ANKFY1	ERLIN2
ANKFY1	FARP1
ANKFY1	FLNA
ANKFY1	GPR37L1
ANKFY1	IQGAP1
ANKFY1	KIF5B
ANKFY1	KTN1
ANKFY1	LAMB2
ANKFY1	LAMC1
ANKFY1	LRP1
ANKFY1	MMS19
ANKFY1	MPP6
ANKFY1	MTHFD1
ANKFY1	MYH14
ANKFY1	MYH9
ANKFY1	MYO18A
ANKFY1	NCAM2
ANKFY1	NUMA1
ANKFY1	PARP1
ANKFY1	PC
ANKFY1	PFDN5
ANKFY1	PLEC
ANKFY1	PODXL
ANKFY1	PLPP3
ANKFY1	PRKCA
ANKFY1	PRKDC
ANKFY1	PTPRA
ANKFY1	RPN1
ANKFY1	RPN2
ANKFY1	SLC1A3
ANKFY1	SLC25A20
ANKFY1	SLC3A2
ANKFY1	SNCG
ANKFY1	A0A0A0MS37
ANKFY1	SPTAN1
ANKFY1	SPTBN1
ANKFY1	STXBP3
ANKFY1	SVIP
ANKFY1	TINAGL1
ANKFY1	TLN1
ANKFY1	TNPO1
ANKFY1	TNR
ANKFY1	TRIO
ANKFY1	UBA6
ANKFY1	XRCC6
APP	AQP4
APP	DSP
APP	FABP3
APP	FLNA
APP	LAMB2
APP	LAMC1
APP	OMG
APP	PLEC
APP	PLPP3
APP	SLC1A3
APP	TLN1
AQP4	ATP6V1F
AQP4	ATP6V1G2
AQP4	BZW1
AQP4	COL4A2
AQP4	COL6A1
AQP4	COL6A3
AQP4	COPB1
AQP4	COPG1
AQP4	CTNNA2
AQP4	CTNNB1
AQP4	CTNND2
AQP4	DARS
AQP4	DCLK2
AQP4	DDX39B
AQP4	DHX9
AQP4	DLST
AQP4	DSP
AQP4	E9PEB9
AQP4	EEF2
AQP4	EFTUD2
AQP4	EIF3A
AQP4	EIF3B
AQP4	EPRS
AQP4	ERLIN2
AQP4	ETF1
AQP4	FABP3
AQP4	FARP1
AQP4	FLNA
AQP4	FN3K
AQP4	FYN
AQP4	GPR37L1
AQP4	HAPLN4
AQP4	HNRNPU
AQP4	IQGAP1
AQP4	ISCA1
AQP4	KTN1
AQP4	LAMB2
AQP4	LAMC1
AQP4	LRP1
AQP4	LYPLAL1
AQP4	MACF1
AQP4	MAG
AQP4	MMS19
AQP4	MPP6
AQP4	MTHFD1
AQP4	MYH14
AQP4	MYH9
AQP4	MYO18A
AQP4	NEDD8-MDP1
AQP4	NUMA1
AQP4	OSBPL1A
AQP4	PARP1
AQP4	PFDN4
AQP4	PFDN5
AQP4	PLEC
AQP4	PODXL
AQP4	PLPP3
AQP4	PPP3CA
AQP4	PRDX3
AQP4	PRKCA
AQP4	PRKDC
AQP4	PRODH
AQP4	PRPF8
AQP4	PTPRA
AQP4	RPN1
AQP4	RPN2
AQP4	RUVBL2
AQP4	SESTD1
AQP4	SLC1A3
AQP4	SLC25A20
AQP4	SLC3A2
AQP4	SNCB
AQP4	SNCG
AQP4	SND1
AQP4	SPTAN1
AQP4	SPTBN1
AQP4	STOML2
AQP4	STXBP3
AQP4	SULT4A1
AQP4	SVIP
AQP4	TARS
AQP4	TGM2
AQP4	TINAGL1
AQP4	TLN1
AQP4	TNPO1
AQP4	TNR
AQP4	TPR
AQP4	TRIO
AQP4	WBP2
AQP4	XRCC5
AQP4	XRCC6
AQP4	YKT6
ATP1A2	ATP6V1F
ATP1A2	ATP6V1G2
ATP1A2	COL4A2
ATP1A2	COL6A3
ATP1A2	COPA
ATP1A2	COPB1
ATP1A2	CTNNB1
ATP1A2	CTNND2
ATP1A2	DDX39B
ATP1A2	E9PEB9
ATP1A2	DYNC1H1
ATP1A2	EIF3B
ATP1A2	EPRS
ATP1A2	FABP3
ATP1A2	FARP1
ATP1A2	FASN
ATP1A2	FN3K
ATP1A2	GAD1
ATP1A2	GBE1
ATP1A2	KIF1A
ATP1A2	KNDC1
ATP1A2	LAMB2
ATP1A2	LAMC1
ATP1A2	LRP1
ATP1A2	MACF1
ATP1A2	MARC2
ATP1A2	MFN2
ATP1A2	MMS19
ATP1A2	MYH14
ATP1A2	MYH9
ATP1A2	MYO18A
ATP1A2	NCAM1
ATP1A2	NCAM2
ATP1A2	NEDD8-MDP1
ATP1A2	NUMA1
ATP1A2	PC
ATP1A2	PCBP1
ATP1A2	PFDN5
ATP1A2	PODXL
ATP1A2	PRDX3
ATP1A2	PRKDC
ATP1A2	PRPF8
ATP1A2	PTPRA
ATP1A2	RPN2
ATP1A2	SLC1A3
ATP1A2	SLC3A2
ATP1A2	SNCA
ATP1A2	SNCG
ATP1A2	SND1
ATP1A2	SPTAN1
ATP1A2	SPTBN1
ATP1A2	SVIP
ATP1A2	TINAGL1
ATP1A2	TLN1
ATP1A2	TLN2
ATP1A2	TNR
ATP1A2	TOMM40
ATP1A2	TRIO
ATP1A2	TTLL12
ATP1A2	UBA6
ATP1A2	XPO1
ATP1A2	XRCC6
ATP1A2	YKT6
ATP6V1F	ATP6V1G2
ATP6V1F	COL4A2
ATP6V1F	COL6A3
ATP6V1F	COPA
ATP6V1F	DDX39B
ATP6V1F	E9PEB9
ATP6V1F	DYNC1H1
ATP6V1F	FARP1
ATP6V1F	FASN
ATP6V1F	FLNA
ATP6V1F	GBE1
ATP6V1F	GPC1
ATP6V1F	LAMB2
ATP6V1F	LAMC1
ATP6V1F	LRP1
ATP6V1F	MACF1
ATP6V1F	MYH14
ATP6V1F	MYH9
ATP6V1F	MYO18A
ATP6V1F	NCAM2
ATP6V1F	PCSK1N
ATP6V1F	PFDN4
ATP6V1F	PFDN5
ATP6V1F	PLEC
ATP6V1F	PODXL
ATP6V1F	PLPP3
ATP6V1F	PTPRA
ATP6V1F	RPN2
ATP6V1F	SLC1A3
ATP6V1F	SNCG
ATP6V1F	SPTAN1
ATP6V1F	SPTBN1
ATP6V1F	SVIP
ATP6V1F	TLN1
ATP6V1F	TLN2
ATP6V1F	TNR
ATP6V1F	XPO1
ATP6V1F	YKT6
ATP6V1G2	COL4A2
ATP6V1G2	COPA
ATP6V1G2	CTNND2
ATP6V1G2	DYNC1H1
ATP6V1G2	FARP1
ATP6V1G2	FLNA
ATP6V1G2	GBE1
ATP6V1G2	GPC1
ATP6V1G2	LAMB2
ATP6V1G2	LAMC1
ATP6V1G2	MYH9
ATP6V1G2	MYO18A
ATP6V1G2	NCAM2
ATP6V1G2	PCSK1N
ATP6V1G2	PFDN4
ATP6V1G2	PFDN5
ATP6V1G2	PLEC
ATP6V1G2	PODXL
ATP6V1G2	PLPP3
ATP6V1G2	PTPRA
ATP6V1G2	RPN2
ATP6V1G2	SLC1A3
ATP6V1G2	SLC25A20
ATP6V1G2	SNCA
ATP6V1G2	SNCB
ATP6V1G2	SNCG
ATP6V1G2	SPTAN1
ATP6V1G2	SPTBN1
ATP6V1G2	SVIP
ATP6V1G2	TLN1
ATP6V1G2	TLN2
ATP6V1G2	TNR
ATP6V1G2	TTLL12
ATP6V1G2	XPO1
ATP6V1G2	YKT6
BASP1	SNCA
BASP1	SNCG
BZW1	COL4A2
BZW1	COL6A1
BZW1	COL6A3
BZW1	CTNNA2
BZW1	CTNND2
BZW1	DHX9
BZW1	DSP
BZW1	EFTUD2
BZW1	ERLIN2
BZW1	FARP1
BZW1	FLNA
BZW1	GPR37L1
BZW1	IQGAP1
BZW1	KTN1
BZW1	LAMB2
BZW1	LAMC1
BZW1	LYPLAL1
BZW1	MPP6
BZW1	MTHFD1
BZW1	MYH9
BZW1	NUMA1
BZW1	PLEC
BZW1	PLPP3
BZW1	PRKCA
BZW1	PRKDC
BZW1	PRODH
BZW1	PTPRA
BZW1	RPN1
BZW1	SESTD1
BZW1	SLC1A3
BZW1	SLC25A20
BZW1	SPTBN1
BZW1	STXBP3
BZW1	TLN1
BZW1	TRIO
BZW1	XRCC5
CNTN1	ETFDH
CNTN1	IPO5
CNTN1	NRCAM
CNTN1	PC
CNTN1	PFKL
COL4A2	COL6A1
COL4A2	COL6A3
COL4A2	COPA
COL4A2	COPB1
COL4A2	CTNNB1
COL4A2	CTNND2
COL4A2	DDX39B
COL4A2	DHX9
COL4A2	DSP
COL4A2	E9PEB9
COL4A2	DYNC1H1
COL4A2	EFTUD2
COL4A2	EIF3A
COL4A2	EIF3B
COL4A2	EPRS
COL4A2	ERLIN2
COL4A2	ETF1
COL4A2	FABP3
COL4A2	FARP1
COL4A2	FASN
COL4A2	FLNA
COL4A2	FN3K
COL4A2	FYN
COL4A2	GAD1
COL4A2	GBE1
COL4A2	HAPLN4
COL4A2	HNRNPU
COL4A2	IQGAP1
COL4A2	KIF1A
COL4A2	KNDC1
COL4A2	KTN1
COL4A2	LAMB2
COL4A2	LAMC1
COL4A2	LRP1
COL4A2	LYPLAL1
COL4A2	MACF1
COL4A2	MAG
COL4A2	MARC2
COL4A2	MFN2
COL4A2	MMS19
COL4A2	MPP6
COL4A2	MYH14
COL4A2	MYH9
COL4A2	MYO18A
COL4A2	NCAM1
COL4A2	NCAM2
COL4A2	NEDD8-MDP1
COL4A2	NUMA1
COL4A2	PFDN4
COL4A2	PFDN5
COL4A2	PLEC
COL4A2	PODXL
COL4A2	PLPP3
COL4A2	PRDX3
COL4A2	PRKCA
COL4A2	PRKDC
COL4A2	PRODH
COL4A2	PRPF8
COL4A2	PTPRA
COL4A2	RPN1
COL4A2	RPN2
COL4A2	SLC1A3
COL4A2	SLC25A20
COL4A2	SLC3A2
COL4A2	SNCA
COL4A2	SNCB
COL4A2	SNCG
COL4A2	SND1
COL4A2	SPTAN1
COL4A2	SPTBN1
COL4A2	STOML2
COL4A2	STXBP3
COL4A2	SULT4A1
COL4A2	SVIP
COL4A2	TARS
COL4A2	TGM2
COL4A2	TINAGL1
COL4A2	TLN1
COL4A2	TLN2
COL4A2	TNR
COL4A2	TOMM40
COL4A2	TPR
COL4A2	TRIO
COL4A2	UBA6
COL4A2	WBP2
COL4A2	XRCC5
COL4A2	XRCC6
COL4A2	YKT6
COL6A1	COL6A3
COL6A1	CTNNA2
COL6A1	CTNND2
COL6A1	DSP
COL6A1	E9PEB9
COL6A1	EFTUD2
COL6A1	ERLIN2
COL6A1	ETF1
COL6A1	FARP1
COL6A1	FLNA
COL6A1	FYN
COL6A1	GPR37L1
COL6A1	HNRNPU
COL6A1	IQGAP1
COL6A1	KTN1
COL6A1	LAMB2
COL6A1	LAMC1
COL6A1	LRP1
COL6A1	LYPLAL1
COL6A1	MYH14
COL6A1	MYH9
COL6A1	NUMA1
COL6A1	PLEC
COL6A1	PODXL
COL6A1	PLPP3
COL6A1	PRDX3
COL6A1	PRKCA
COL6A1	PRKDC
COL6A1	PTPRA
COL6A1	RPN1
COL6A1	RPN2
COL6A1	SLC1A3
COL6A1	SLC25A20
COL6A1	SLC3A2
COL6A1	SPTAN1
COL6A1	SPTBN1
COL6A1	STXBP3
COL6A1	SULT4A1
COL6A1	SVIP
COL6A1	TINAGL1
COL6A1	TLN1
COL6A1	TRIO
COL6A1	XRCC5
COL6A3	COPA
COL6A3	CTNNA2
COL6A3	CTNNB1
COL6A3	CTNND2
COL6A3	DDX39B
COL6A3	DHX9
COL6A3	DSP
COL6A3	E9PEB9
COL6A3	DYNC1H1
COL6A3	EFTUD2
COL6A3	ERLIN2
COL6A3	ETF1
COL6A3	FARP1
COL6A3	FLNA
COL6A3	FN3K
COL6A3	FYN
COL6A3	GPR37L1
COL6A3	HAPLN4
COL6A3	HNRNPU
COL6A3	IQGAP1
COL6A3	KTN1
COL6A3	LAMB2
COL6A3	LAMC1
COL6A3	LRP1
COL6A3	LYPLAL1
COL6A3	MACF1
COL6A3	MMS19
COL6A3	MYH14
COL6A3	MYH9
COL6A3	MYO18A
COL6A3	NCAM2
COL6A3	NUMA1
COL6A3	PLEC
COL6A3	PODXL
COL6A3	PLPP3
COL6A3	PRDX3
COL6A3	PRKCA
COL6A3	PRKDC
COL6A3	PRPF8
COL6A3	PTPRA
COL6A3	RPN1
COL6A3	RPN2
COL6A3	SLC1A3
COL6A3	SLC25A20
COL6A3	SLC3A2
COL6A3	SNCG
COL6A3	SPTAN1
COL6A3	SPTBN1
COL6A3	STXBP3
COL6A3	SULT4A1
COL6A3	SVIP
COL6A3	TINAGL1
COL6A3	TLN1
COL6A3	TLN2
COL6A3	TNR
COL6A3	TRIO
COL6A3	WBP2
COL6A3	XRCC5
COL6A3	XRCC6
COL6A3	YKT6
COPA	COPB1
COPA	CTNNB1
COPA	CTNND2
COPA	DDX39B
COPA	DHX9
COPA	E9PEB9
COPA	DYNC1H1
COPA	EIF3A
COPA	EIF3B
COPA	EPRS
COPA	FABP3
COPA	FARP1
COPA	FASN
COPA	FN3K
COPA	GAD1
COPA	GBE1
COPA	GPC1
COPA	IPO5
COPA	KIF1A
COPA	KIF5B
COPA	KTN1
COPA	LAMB2
COPA	LAMC1
COPA	LRP1
COPA	MACF1
COPA	MARC2
COPA	MFN2
COPA	MMS19
COPA	MYH14
COPA	MYH9
COPA	MYO18A
COPA	NCAM1
COPA	NCAM2
COPA	NEDD8-MDP1
COPA	NUMA1
COPA	PC
COPA	PCBP1
COPA	PFDN5
COPA	PODXL
COPA	POR
COPA	PRDX3
COPA	PRKDC
COPA	PRPF8
COPA	PTPRA
COPA	RPN1
COPA	RPN2
COPA	SLC1A3
COPA	SLC25A20
COPA	SLC3A2
COPA	SNCA
COPA	SNCG
COPA	SND1
COPA	SORT1
COPA	SPTAN1
COPA	SPTBN1
COPA	SVIP
COPA	TARDBP
COPA	TINAGL1
COPA	TLN1
COPA	TLN2
COPA	TMOD2
COPA	TNR
COPA	TOMM40
COPA	TPR
COPA	TRIO
COPA	TTLL12
COPA	UBA6
COPA	XPO1
COPA	XRCC6
COPA	YKT6
COPB1	CTNND2
COPB1	E9PEB9
COPB1	DYNC1H1
COPB1	EIF3A
COPB1	EPRS
COPB1	FASN
COPB1	FLNA
COPB1	GAD1
COPB1	GBE1
COPB1	IQGAP1
COPB1	KIF1A
COPB1	LAMB2
COPB1	LAMC1
COPB1	LRP1
COPB1	MACF1
COPB1	MARC2
COPB1	MFN2
COPB1	MMS19
COPB1	MYH14
COPB1	MYH9
COPB1	MYO18A
COPB1	NCAM2
COPB1	NUMA1
COPB1	PODXL
COPB1	PRKCA
COPB1	PRKDC
COPB1	PRPF8
COPB1	PTPRA
COPB1	RPN1
COPB1	RPN2
COPB1	SNCG
COPB1	SPTAN1
COPB1	SPTBN1
COPB1	TINAGL1
COPB1	TLN1
COPB1	TLN2
COPB1	TNR
COPB1	TOMM40
COPB1	TRIO
COPB1	XRCC6
COPG1	CTNND2
COPG1	DDX1
COPG1	HNRNPU
COPG1	KTN1
COPG1	LAMB2
COPG1	MMS19
COPG1	MTHFD1
COPG1	PRKCA
COPG1	PTPRA
COPG1	SLC3A2
COPG1	TLN1
COPG1	TRIO
COPG1	XRCC5
COPG1	XRCC6
CTNNA2	CTNND2
CTNNA2	DCLK2
CTNNA2	DHX9
CTNNA2	DSP
CTNNA2	EEF2
CTNNA2	EFTUD2
CTNNA2	ERLIN2
CTNNA2	FARP1
CTNNA2	FLNA
CTNNA2	GPR37L1
CTNNA2	IQGAP1
CTNNA2	KTN1
CTNNA2	LAMB2
CTNNA2	LAMC1
CTNNA2	LYPLAL1
CTNNA2	MPP6
CTNNA2	MTHFD1
CTNNA2	MYH9
CTNNA2	NRCAM
CTNNA2	PLEC
CTNNA2	PLPP3
CTNNA2	PRKCA
CTNNA2	PRODH
CTNNA2	PTPRA
CTNNA2	RPN1
CTNNA2	SESTD1
CTNNA2	SLC1A3
CTNNA2	SLC25A20
CTNNA2	SLC3A2
CTNNA2	STXBP3
CTNNA2	TINAGL1
CTNNA2	TLN1
CTNNA2	TNPO1
CTNNA2	TRIO
CTNNA2	XRCC5
CTNNB1	DSP
CTNNB1	E9PEB9
CTNNB1	DYNC1H1
CTNNB1	FASN
CTNNB1	FLNA
CTNNB1	GBE1
CTNNB1	IQGAP1
CTNNB1	LAMB2
CTNNB1	LAMC1
CTNNB1	LRP1
CTNNB1	MACF1
CTNNB1	MFN2
CTNNB1	MYH14
CTNNB1	MYH9
CTNNB1	MYO18A
CTNNB1	NCAM1
CTNNB1	NCAM2
CTNNB1	NUMA1
CTNNB1	PLEC
CTNNB1	PODXL
CTNNB1	PLPP3
CTNNB1	PRKCA
CTNNB1	PRKDC
CTNNB1	PTPRA
CTNNB1	RPN1
CTNNB1	SLC1A3
CTNNB1	SPTAN1
CTNNB1	SPTBN1
CTNNB1	TLN1
CTNNB1	TLN2
CTNNB1	TNR
CTNNB1	TRIO
CTNNB1	XRCC6
CTNND2	DCLK2
CTNND2	DDX39B
CTNND2	DHX9
CTNND2	DSP
CTNND2	E9PEB9
CTNND2	DYNC1H1
CTNND2	EEF2
CTNND2	EFTUD2
CTNND2	EIF3A
CTNND2	EIF3B
CTNND2	EPRS
CTNND2	ERLIN2
CTNND2	ETF1
CTNND2	FARP1
CTNND2	FASN
CTNND2	FLNA
CTNND2	FN3K
CTNND2	GAD1
CTNND2	HNRNPU
CTNND2	IQGAP1
CTNND2	KTN1
CTNND2	LAMB2
CTNND2	LAMC1
CTNND2	LRP1
CTNND2	LYPLAL1
CTNND2	MACF1
CTNND2	MMS19
CTNND2	MPP6
CTNND2	MTHFD1
CTNND2	MYH14
CTNND2	MYH9
CTNND2	MYO18A
CTNND2	NCAM2
CTNND2	NUMA1
CTNND2	PFDN5
CTNND2	PLEC
CTNND2	PODXL
CTNND2	PLPP3
CTNND2	PRKCA
CTNND2	PRKDC
CTNND2	PRODH
CTNND2	PRPF8
CTNND2	PTPRA
CTNND2	RPN1
CTNND2	RPN2
CTNND2	SESTD1
CTNND2	SLC1A3
CTNND2	SLC25A20
CTNND2	SLC3A2
CTNND2	SNCG
CTNND2	SPTAN1
CTNND2	SPTBN1
CTNND2	STXBP3
CTNND2	SVIP
CTNND2	TINAGL1
CTNND2	TLN1
CTNND2	TLN2
CTNND2	TNPO1
CTNND2	TNR
CTNND2	TPR
CTNND2	TRIO
CTNND2	WBP2
CTNND2	XRCC5
CTNND2	XRCC6
DARS	DDX39B
DARS	DSP
DARS	EIF2S1
DARS	EIF3B
DARS	FARP1
DARS	FLNA
DARS	MYH9
DARS	PLEC
DARS	PLPP3
DARS	SEPTIN8
DARS	SLC1A3
DARS	SND1
DARS	TLN1
DCLK2	MPP6
DCLK2	MTHFD1
DCLK2	PLEC
DCLK2	PLPP3
DCLK2	PTPRA
DCLK2	SLC1A3
DCLK2	SLC3A2
DCLK2	SNCG
DCLK2	TLN1
DDX1	MYO18A
DDX1	TLN2
DDX39B	DHX9
DDX39B	DSP
DDX39B	E9PEB9
DDX39B	DYNC1H1
DDX39B	EFTUD2
DDX39B	EIF2S1
DDX39B	EIF3B
DDX39B	ERLIN2
DDX39B	FARP1
DDX39B	FASN
DDX39B	FLNA
DDX39B	GBE1
DDX39B	IQGAP1
DDX39B	KTN1
DDX39B	LAMB2
DDX39B	LAMC1
DDX39B	LRP1
DDX39B	MACF1
DDX39B	MYH14
DDX39B	MYH9
DDX39B	MYO18A
DDX39B	NCAM2
DDX39B	NUMA1
DDX39B	PLEC
DDX39B	PODXL
DDX39B	PLPP3
DDX39B	PRKCA
DDX39B	PRKDC
DDX39B	PTPRA
DDX39B	RPN2
DDX39B	SEPTIN8
DDX39B	SLC1A3
DDX39B	SLC25A20
DDX39B	SND1
DDX39B	SPTAN1
DDX39B	SPTBN1
DDX39B	TLN1
DDX39B	TLN2
DDX39B	TNR
DDX39B	TPR
DDX39B	TRIO
DHX9	DSP
DHX9	E9PEB9
DHX9	DYNC1H1
DHX9	EEF2
DHX9	EFTUD2
DHX9	EIF3B
DHX9	ERLIN2
DHX9	FARP1
DHX9	FASN
DHX9	FLNA
DHX9	GBE1
DHX9	HNRNPU
DHX9	IQGAP1
DHX9	KTN1
DHX9	LAMB2
DHX9	LAMC1
DHX9	LRP1
DHX9	MACF1
DHX9	MPP6
DHX9	MTHFD1
DHX9	MYH14
DHX9	MYH9
DHX9	MYO18A
DHX9	NCAM2
DHX9	NUMA1
DHX9	PARP1
DHX9	PLEC
DHX9	PODXL
DHX9	PLPP3
DHX9	PRKCA
DHX9	PRKDC
DHX9	PTPRA
DHX9	RPN1
DHX9	RPN2
DHX9	RUVBL2
DHX9	SLC1A3
DHX9	SLC25A20
DHX9	SLC3A2
DHX9	SND1
DHX9	SPTAN1
DHX9	SPTBN1
DHX9	TLN1
DHX9	TLN2
DHX9	TNR
DHX9	TPR
DHX9	TRIO
DHX9	UBA6
DHX9	XRCC5
DHX9	XRCC6
DLST	DSP
DLST	ERLIN2
DLST	FLNA
DLST	IQGAP1
DLST	LAMB2
DLST	LAMC1
DLST	LYPLAL1
DLST	MYH14
DLST	MYH9
DLST	NUMA1
DLST	PLEC
DLST	PLPP3
DLST	PPP3CA
DLST	PRKCA
DLST	PTPRA
DLST	RPN1
DLST	STXBP3
DLST	TLN1
DLST	TRIO
DSP	EEF2
DSP	EFTUD2
DSP	EIF3A
DSP	EIF3B
DSP	ERLIN2
DSP	ETF1
DSP	FARP1
DSP	FLNA
DSP	FN3K
DSP	FYN
DSP	GPR37L1
DSP	HAPLN4
DSP	HNRNPU
DSP	IQGAP1
DSP	ISCA1
DSP	KTN1
DSP	LAMB2
DSP	LAMC1
DSP	LYPLAL1
DSP	MAG
DSP	MPP6
DSP	MTHFD1
DSP	MYH14
DSP	MYH9
DSP	NUMA1
DSP	OSBPL1A
DSP	PARP1
DSP	PFDN4
DSP	PLEC
DSP	PODXL
DSP	PLPP3
DSP	PPP3CA
DSP	PRDX3
DSP	PRKCA
DSP	PRKDC
DSP	PRODH
DSP	PRPF8
DSP	PTPRA
DSP	RPN1
DSP	RPN2
DSP	SESTD1
DSP	SLC1A3
DSP	SLC25A20
DSP	SLC3A2
DSP	SNCG
DSP	STOML2
DSP	STXBP3
DSP	SULT4A1
DSP	TINAGL1
DSP	TLN1
DSP	TNPO1
DSP	TPR
DSP	TRIO
DSP	WBP2
DSP	XRCC5
DSP	XRCC6
E9PEB9	DYNC1H1
E9PEB9	EIF3A
E9PEB9	EIF3B
E9PEB9	EPRS
E9PEB9	FABP3
E9PEB9	FARP1
E9PEB9	FASN
E9PEB9	FLNA
E9PEB9	FN3K
E9PEB9	FYN
E9PEB9	GAD1
E9PEB9	GBE1
E9PEB9	HAPLN4
E9PEB9	HNRNPU
E9PEB9	IPO5
E9PEB9	IQGAP1
E9PEB9	KIF1A
E9PEB9	KNDC1
E9PEB9	KTN1
E9PEB9	LAMB2
E9PEB9	LAMC1
E9PEB9	LRP1
E9PEB9	MACF1
E9PEB9	MAG
E9PEB9	MARC2
E9PEB9	MFN2
E9PEB9	MMS19
E9PEB9	MYH14
E9PEB9	MYH9
E9PEB9	MYO18A
E9PEB9	NCAM1
E9PEB9	NCAM2
E9PEB9	NEDD8-MDP1
E9PEB9	NUMA1
E9PEB9	PC
E9PEB9	PCBP1
E9PEB9	PODXL
E9PEB9	POR
E9PEB9	PLPP3
E9PEB9	PRDX3
E9PEB9	PRKCA
E9PEB9	PRKDC
E9PEB9	PRPF8
E9PEB9	PTPRA
E9PEB9	RPN1
E9PEB9	RPN2
E9PEB9	SLC1A3
E9PEB9	SLC25A20
E9PEB9	SNCG
E9PEB9	SND1
E9PEB9	SPTAN1
E9PEB9	SPTBN1
E9PEB9	STOML2
E9PEB9	SVIP
E9PEB9	TARDBP
E9PEB9	TFG
E9PEB9	TGM2
E9PEB9	TINAGL1
E9PEB9	TLN1
E9PEB9	TLN2
E9PEB9	TMOD2
E9PEB9	TNR
E9PEB9	TOMM40
E9PEB9	TPR
E9PEB9	TRIO
E9PEB9	TTLL12
E9PEB9	UBA6
E9PEB9	XPO1
E9PEB9	XRCC6
E9PEB9	YKT6
DYNC1H1	EIF3B
DYNC1H1	EPRS
DYNC1H1	FABP3
DYNC1H1	FARP1
DYNC1H1	FASN
DYNC1H1	FN3K
DYNC1H1	GAD1
DYNC1H1	GBE1
DYNC1H1	GPC1
DYNC1H1	IPO5
DYNC1H1	KIF1A
DYNC1H1	KIF5B
DYNC1H1	KNDC1
DYNC1H1	KTN1
DYNC1H1	LAMB2
DYNC1H1	LAMC1
DYNC1H1	LRP1
DYNC1H1	MACF1
DYNC1H1	MARC2
DYNC1H1	MFN2
DYNC1H1	MMS19
DYNC1H1	MYH14
DYNC1H1	MYH9
DYNC1H1	MYO18A
DYNC1H1	NCAM1
DYNC1H1	NCAM2
DYNC1H1	NEDD8-MDP1
DYNC1H1	NUMA1
DYNC1H1	PC
DYNC1H1	PCBP1
DYNC1H1	PCSK1N
DYNC1H1	PFDN5
DYNC1H1	PFKL
DYNC1H1	PODXL
DYNC1H1	POR
DYNC1H1	PLPP3
DYNC1H1	PRDX3
DYNC1H1	PRKDC
DYNC1H1	PRPF8
DYNC1H1	PTPRA
DYNC1H1	RPN2
DYNC1H1	SLC1A3
DYNC1H1	SLC25A20
DYNC1H1	SLC3A2
DYNC1H1	SNCA
DYNC1H1	SNCG
DYNC1H1	SND1
DYNC1H1	SORT1
DYNC1H1	SPTAN1
DYNC1H1	SPTBN1
DYNC1H1	SVIP
DYNC1H1	TFG
DYNC1H1	TLN2
DYNC1H1	TMOD2
DYNC1H1	TNR
DYNC1H1	TOMM40
DYNC1H1	TPR
DYNC1H1	TRIO
DYNC1H1	TTLL12
DYNC1H1	UBA6
DYNC1H1	XPO1
DYNC1H1	XRCC6
DYNC1H1	YKT6
EEF2	EFTUD2
EEF2	ERLIN2
EEF2	FARP1
EEF2	FLNA
EEF2	GPR37L1
EEF2	KTN1
EEF2	LAMB2
EEF2	LAMC1
EEF2	MTHFD1
EEF2	MYH9
EEF2	PARP1
EEF2	PLEC
EEF2	PLPP3
EEF2	PRKCA
EEF2	PTPRA
EEF2	SLC1A3
EEF2	SLC25A20
EEF2	SLC3A2
EEF2	TLN1
EEF2	TRIO
EFTUD2	EIF3B
EFTUD2	ERLIN2
EFTUD2	FARP1
EFTUD2	FLNA
EFTUD2	HNRNPU
EFTUD2	IQGAP1
EFTUD2	KTN1
EFTUD2	LAMB2
EFTUD2	LAMC1
EFTUD2	LRP1
EFTUD2	LYPLAL1
EFTUD2	MMS19
EFTUD2	MPP6
EFTUD2	MTHFD1
EFTUD2	MYH14
EFTUD2	MYH9
EFTUD2	NRCAM
EFTUD2	NUMA1
EFTUD2	PLEC
EFTUD2	PODXL
EFTUD2	PLPP3
EFTUD2	PRKCA
EFTUD2	PRKDC
EFTUD2	PRODH
EFTUD2	PTPRA
EFTUD2	RPN1
EFTUD2	RPN2
EFTUD2	SLC1A3
EFTUD2	SLC25A20
EFTUD2	SLC3A2
EFTUD2	SPTAN1
EFTUD2	SPTBN1
EFTUD2	STXBP3
EFTUD2	TINAGL1
EFTUD2	TLN1
EFTUD2	TNPO1
EFTUD2	TNR
EFTUD2	TRIO
EFTUD2	XRCC5
EFTUD2	XRCC6
EIF2S1	EIF3B
EIF3A	ERLIN2
EIF3A	ETF1
EIF3A	FASN
EIF3A	FLNA
EIF3A	HNRNPU
EIF3A	IQGAP1
EIF3A	KTN1
EIF3A	LAMB2
EIF3A	LAMC1
EIF3A	LRP1
EIF3A	MACF1
EIF3A	MMS19
EIF3A	MYH14
EIF3A	MYH9
EIF3A	MYO18A
EIF3A	NUMA1
EIF3A	PLEC
EIF3A	PLPP3
EIF3A	PRKCA
EIF3A	PRKDC
EIF3A	PTPRA
EIF3A	RPN1
EIF3A	RPN2
EIF3A	SEC31A
EIF3A	SLC1A3
EIF3A	SLC25A20
EIF3A	SPTAN1
EIF3A	SPTBN1
EIF3A	STXBP3
EIF3A	TARDBP
EIF3A	TLN1
EIF3A	TLN2
EIF3A	TOMM40
EIF3A	TPR
EIF3A	TRIO
EIF3A	XRCC5
EIF3A	XRCC6
EIF3B	ERLIN2
EIF3B	FARP1
EIF3B	FASN
EIF3B	FLNA
EIF3B	GBE1
EIF3B	KTN1
EIF3B	LAMB2
EIF3B	LAMC1
EIF3B	LRP1
EIF3B	MACF1
EIF3B	MYH9
EIF3B	MYO18A
EIF3B	NCAM2
EIF3B	NUMA1
EIF3B	PARP1
EIF3B	PLEC
EIF3B	PODXL
EIF3B	PLPP3
EIF3B	PRKCA
EIF3B	PRKDC
EIF3B	PTPRA
EIF3B	RPN1
EIF3B	RPN2
EIF3B	SEPTIN8
EIF3B	SLC1A3
EIF3B	SLC25A20
EIF3B	SND1
EIF3B	SPTAN1
EIF3B	SPTBN1
EIF3B	TLN1
EIF3B	TLN2
EIF3B	TNR
EIF3B	TPR
EIF3B	TRIO
EIF3B	XRCC6
EPRS	FASN
EPRS	FLNA
EPRS	GBE1
EPRS	IQGAP1
EPRS	KIF1A
EPRS	LAMB2
EPRS	LAMC1
EPRS	LRP1
EPRS	MACF1
EPRS	MARC2
EPRS	MFN2
EPRS	MMS19
EPRS	MYH14
EPRS	MYH9
EPRS	MYO18A
EPRS	NCAM1
EPRS	NCAM2
EPRS	NUMA1
EPRS	PLEC
EPRS	PODXL
EPRS	PLPP3
EPRS	PRKDC
EPRS	PTPRA
EPRS	RPN2
EPRS	SLC1A3
EPRS	SNCG
EPRS	SPTAN1
EPRS	SPTBN1
EPRS	TLN1
EPRS	TLN2
EPRS	TNR
EPRS	TOMM40
EPRS	TRIO
EPRS	XRCC6
ERLIN2	ETF1
ERLIN2	FARP1
ERLIN2	FLNA
ERLIN2	FN3K
ERLIN2	FYN
ERLIN2	GPR37L1
ERLIN2	HAPLN4
ERLIN2	HNRNPU
ERLIN2	IQGAP1
ERLIN2	ISCA1
ERLIN2	KTN1
ERLIN2	LAMB2
ERLIN2	LAMC1
ERLIN2	LYPLAL1
ERLIN2	MMS19
ERLIN2	MPP6
ERLIN2	MTHFD1
ERLIN2	MYH14
ERLIN2	MYH9
ERLIN2	NUMA1
ERLIN2	OSBPL1A
ERLIN2	PLEC
ERLIN2	PODXL
ERLIN2	PLPP3
ERLIN2	PPP3CA
ERLIN2	PRKCA
ERLIN2	PRKDC
ERLIN2	PRODH
ERLIN2	PRPF8
ERLIN2	PTPRA
ERLIN2	RPN1
ERLIN2	RPN2
ERLIN2	SLC1A3
ERLIN2	SLC25A20
ERLIN2	SLC3A2
ERLIN2	SNCG
ERLIN2	STXBP3
ERLIN2	SULT4A1
ERLIN2	TINAGL1
ERLIN2	TLN1
ERLIN2	TNPO1
ERLIN2	TPR
ERLIN2	TRIO
ERLIN2	WBP2
ERLIN2	XRCC5
ERLIN2	XRCC6
ETF1	FARP1
ETF1	FLNA
ETF1	HNRNPU
ETF1	IQGAP1
ETF1	KTN1
ETF1	LAMB2
ETF1	LAMC1
ETF1	MYH9
ETF1	NEDD8-MDP1
ETF1	NUMA1
ETF1	PLEC
ETF1	PLPP3
ETF1	PRKDC
ETF1	PTPRA
ETF1	RPN1
ETF1	RPN2
ETF1	RUVBL2
ETF1	SLC1A3
ETF1	SPTBN1
ETF1	TLN1
ETF1	TRIO
ETF1	XRCC5
ETFDH	IPO5
ETFDH	LRP1
ETFDH	MMAB
ETFDH	MYO18A
ETFDH	PC
FABP3	LAMB2
FABP3	LAMC1
FABP3	LRP1
FABP3	MYH9
FABP3	MYO18A
FABP3	PTPRA
FABP3	SLC1A3
FABP3	SNCG
FABP3	SPTAN1
FABP3	SPTBN1
FABP3	TLN1
FABP3	TLN2
FARP1	FLNA
FARP1	FN3K
FARP1	GPR37L1
FARP1	HNRNPU
FARP1	IQGAP1
FARP1	KTN1
FARP1	LAMB2
FARP1	LAMC1
FARP1	LRP1
FARP1	LYPLAL1
FARP1	MPP6
FARP1	MTHFD1
FARP1	MYH14
FARP1	MYH9
FARP1	MYO18A
FARP1	NCAM2
FARP1	NUMA1
FARP1	PARP1
FARP1	PFDN4
FARP1	PLEC
FARP1	PODXL
FARP1	PLPP3
FARP1	PRKCA
FARP1	PRKDC
FARP1	PRODH
FARP1	PTPRA
FARP1	RPN1
FARP1	RPN2
FARP1	RUVBL2
FARP1	SLC1A3
FARP1	SLC25A20
FARP1	SLC3A2
FARP1	SNCG
FARP1	SND1
FARP1	SPTAN1
FARP1	SPTBN1
FARP1	STXBP3
FARP1	TINAGL1
FARP1	TLN1
FARP1	TLN2
FARP1	TNR
FARP1	TPR
FARP1	TRIO
FARP1	XRCC5
FASN	FN3K
FASN	GAD1
FASN	GBE1
FASN	IPO5
FASN	KIF1A
FASN	LAMB2
FASN	LAMC1
FASN	LRP1
FASN	MACF1
FASN	MARC2
FASN	MFN2
FASN	MMS19
FASN	MYH14
FASN	MYH9
FASN	MYO18A
FASN	NCAM1
FASN	NCAM2
FASN	NEDD8-MDP1
FASN	NUMA1
FASN	PC
FASN	PCBP1
FASN	PODXL
FASN	POR
FASN	PRDX3
FASN	PRKDC
FASN	PRPF8
FASN	PTPRA
FASN	RPN2
FASN	SPTAN1
FASN	SPTBN1
FASN	STOML2
FASN	TFG
FASN	TLN2
FASN	TMOD2
FASN	TNR
FASN	TOMM40
FASN	TPR
FASN	TRIO
FASN	TTLL12
FASN	UBA6
FASN	XPO1
FASN	XRCC6
FASN	YKT6
FLNA	FN3K
FLNA	FYN
FLNA	GPR37L1
FLNA	HAPLN4
FLNA	HNRNPU
FLNA	IQGAP1
FLNA	ISCA1
FLNA	KTN1
FLNA	LAMB2
FLNA	LAMC1
FLNA	LRP1
FLNA	LYPLAL1
FLNA	MAG
FLNA	MMS19
FLNA	MPP6
FLNA	MTHFD1
FLNA	MYH14
FLNA	MYH9
FLNA	NEDD8-MDP1
FLNA	NUMA1
FLNA	OSBPL1A
FLNA	PARP1
FLNA	PFDN4
FLNA	PLEC
FLNA	PODXL
FLNA	PLPP3
FLNA	PPP3CA
FLNA	PRDX3
FLNA	PRKCA
FLNA	PRKDC
FLNA	PRODH
FLNA	PRPF8
FLNA	PTPRA
FLNA	RPN1
FLNA	RPN2
FLNA	SESTD1
FLNA	SLC1A3
FLNA	SLC25A20
FLNA	SLC3A2
FLNA	SNCG
FLNA	SPTAN1
FLNA	SPTBN1
FLNA	STOML2
FLNA	STXBP3
FLNA	SULT4A1
FLNA	SVIP
FLNA	TARS
FLNA	TGM2
FLNA	TINAGL1
FLNA	TLN1
FLNA	TNPO1
FLNA	TNR
FLNA	TPR
FLNA	TRIO
FLNA	WBP2
FLNA	XRCC5
FLNA	XRCC6
FLNA	YKT6
FN3K	GBE1
FN3K	IQGAP1
FN3K	KTN1
FN3K	LAMB2
FN3K	LAMC1
FN3K	LRP1
FN3K	MACF1
FN3K	MTHFD1
FN3K	MYH14
FN3K	MYH9
FN3K	MYO18A
FN3K	NCAM1
FN3K	NCAM2
FN3K	NUMA1
FN3K	PLEC
FN3K	PODXL
FN3K	PLPP3
FN3K	PRKCA
FN3K	PRKDC
FN3K	PTPRA
FN3K	RPN2
FN3K	SLC1A3
FN3K	SPTAN1
FN3K	SPTBN1
FN3K	TLN1
FN3K	TLN2
FN3K	TNR
FN3K	TRIO
FN3K	XRCC5
FN3K	XRCC6
FYN	IQGAP1
FYN	LAMB2
FYN	LAMC1
FYN	MYH14
FYN	MYH9
FYN	NUMA1
FYN	PLEC
FYN	PODXL
FYN	PLPP3
FYN	PRKCA
FYN	PRKDC
FYN	PTPRA
FYN	RPN1
FYN	RPN2
FYN	SLC1A3
FYN	SPTBN1
FYN	TINAGL1
FYN	TLN1
FYN	TRIO
GAD1	LAMB2
GAD1	LAMC1
GAD1	LRP1
GAD1	MACF1
GAD1	MFN2
GAD1	MMS19
GAD1	MYH14
GAD1	MYH9
GAD1	MYO18A
GAD1	PRKDC
GAD1	PTPRA
GAD1	RPN1
GAD1	SPTAN1
GAD1	SPTBN1
GAD1	TINAGL1
GAD1	TLN2
GAD1	TOMM40
GAD1	TRIO
GAD1	XRCC6
GBE1	IPO5
GBE1	KIF1A
GBE1	LAMB2
GBE1	LAMC1
GBE1	LRP1
GBE1	MACF1
GBE1	MARC2
GBE1	MFN2
GBE1	MMS19
GBE1	MYH14
GBE1	MYH9
GBE1	MYO18A
GBE1	NCAM1
GBE1	NCAM2
GBE1	NEDD8-MDP1
GBE1	NUMA1
GBE1	PC
GBE1	PFDN5
GBE1	PODXL
GBE1	PRDX3
GBE1	PRKDC
GBE1	PRPF8
GBE1	PTPRA
GBE1	RPN2
GBE1	SLC1A3
GBE1	SND1
GBE1	SPTAN1
GBE1	SPTBN1
GBE1	SVIP
GBE1	TLN2
GBE1	TNR
GBE1	TOMM40
GBE1	UBA6
GBE1	XPO1
GBE1	XRCC6
GBE1	YKT6
GPC1	MYO18A
GPC1	NCAM2
GPC1	SPTAN1
GPC1	TLN2
GPR37L1	LAMB2
GPR37L1	LAMC1
GPR37L1	MYH9
GPR37L1	PLEC
GPR37L1	PLPP3
GPR37L1	PRKCA
GPR37L1	PTPRA
GPR37L1	SLC1A3
GPR37L1	TLN1
HAPLN4	IQGAP1
HAPLN4	LAMB2
HAPLN4	LAMC1
HAPLN4	MACF1
HAPLN4	MYH14
HAPLN4	MYH9
HAPLN4	NUMA1
HAPLN4	PLEC
HAPLN4	PLPP3
HAPLN4	PRKDC
HAPLN4	PTPRA
HAPLN4	RPN1
HAPLN4	RPN2
HAPLN4	SPTAN1
HAPLN4	SPTBN1
HAPLN4	TLN1
HAPLN4	TRIO
HNRNPH1	HNRNPU
HNRNPU	IQGAP1
HNRNPU	ISCA1
HNRNPU	KTN1
HNRNPU	LAMB2
HNRNPU	LAMC1
HNRNPU	LRP1
HNRNPU	MACF1
HNRNPU	MYH14
HNRNPU	MYH9
HNRNPU	MYO18A
HNRNPU	NUMA1
HNRNPU	PLEC
HNRNPU	PLPP3
HNRNPU	PRKCA
HNRNPU	PRKDC
HNRNPU	PTPRA
HNRNPU	RPN1
HNRNPU	RPN2
HNRNPU	RUVBL2
HNRNPU	SEC31A
HNRNPU	SLC1A3
HNRNPU	SLC25A20
HNRNPU	SPTAN1
HNRNPU	SPTBN1
HNRNPU	STXBP3
HNRNPU	TINAGL1
HNRNPU	TLN1
HNRNPU	TPR
HNRNPU	TRIO
HNRNPU	XRCC5
HNRNPU	XRCC6
IPO5	LRP1
IPO5	MACF1
IPO5	MMAB
IPO5	MYH9
IPO5	MYO18A
IPO5	NCAM1
IPO5	NCAM2
IPO5	NRCAM
IPO5	PC
IPO5	PFKL
IPO5	PTPRA
IPO5	SPTAN1
IPO5	SPTBN1
IPO5	TLN2
IPO5	TNR
IQGAP1	KTN1
IQGAP1	LAMB2
IQGAP1	LAMC1
IQGAP1	LRP1
IQGAP1	LYPLAL1
IQGAP1	MACF1
IQGAP1	MMS19
IQGAP1	MYH14
IQGAP1	MYH9
IQGAP1	MYO18A
IQGAP1	NUMA1
IQGAP1	PLEC
IQGAP1	PODXL
IQGAP1	PLPP3
IQGAP1	PPP3CA
IQGAP1	PRDX3
IQGAP1	PRKCA
IQGAP1	PRKDC
IQGAP1	PRODH
IQGAP1	PRPF8
IQGAP1	PTPRA
IQGAP1	RPN1
IQGAP1	RPN2
IQGAP1	SLC1A3
IQGAP1	SLC25A20
IQGAP1	SLC3A2
IQGAP1	SNCG
IQGAP1	SPTAN1
IQGAP1	SPTBN1
IQGAP1	STOML2
IQGAP1	STXBP3
IQGAP1	SULT4A1
IQGAP1	TGM2
IQGAP1	TINAGL1
IQGAP1	TLN1
IQGAP1	TNPO1
IQGAP1	TNR
IQGAP1	TPR
IQGAP1	TRIO
IQGAP1	WBP2
IQGAP1	XRCC5
IQGAP1	XRCC6
IQGAP1	YKT6
ISCA1	LAMB2
ISCA1	LAMC1
ISCA1	MYH9
ISCA1	PLEC
ISCA1	PLPP3
ISCA1	PTPRA
ISCA1	SLC1A3
ISCA1	TLN1
KIF1A	LAMB2
KIF1A	LAMC1
KIF1A	LRP1
KIF1A	MACF1
KIF1A	MARC2
KIF1A	MFN2
KIF1A	MMS19
KIF1A	MYH14
KIF1A	MYH9
KIF1A	MYO18A
KIF1A	NCAM1
KIF1A	NCAM2
KIF1A	NUMA1
KIF1A	PODXL
KIF1A	PRKDC
KIF1A	PRPF8
KIF1A	PTPRA
KIF1A	SPTAN1
KIF1A	SPTBN1
KIF1A	TLN1
KIF1A	TLN2
KIF1A	TNR
KIF1A	TOMM40
KIF1A	TPR
KIF1A	TRIO
KIF1A	XRCC6
KIF5B	MTHFD1
KIF5B	PFDN5
KIF5B	A0A0A0MS37
KIF5B	UBA6
KNDC1	LAMB2
KNDC1	LAMC1
KNDC1	LRP1
KNDC1	MACF1
KNDC1	MYH9
KNDC1	MYO18A
KNDC1	PTPRA
KNDC1	SPTAN1
KNDC1	SPTBN1
KNDC1	TLN2
KTN1	LAMB2
KTN1	LAMC1
KTN1	LRP1
KTN1	MACF1
KTN1	MMS19
KTN1	MTHFD1
KTN1	MYH14
KTN1	MYH9
KTN1	MYO18A
KTN1	NCAM2
KTN1	NEDD8-MDP1
KTN1	NUMA1
KTN1	PLEC
KTN1	PODXL
KTN1	PLPP3
KTN1	PRKCA
KTN1	PRKDC
KTN1	PTPRA
KTN1	RPN1
KTN1	RPN2
KTN1	RUVBL2
KTN1	SLC1A3
KTN1	SLC25A20
KTN1	SLC3A2
KTN1	SND1
KTN1	SPTAN1
KTN1	SPTBN1
KTN1	STXBP3
KTN1	SULT4A1
KTN1	SVIP
KTN1	TINAGL1
KTN1	TLN1
KTN1	TLN2
KTN1	TNR
KTN1	TPR
KTN1	TRIO
KTN1	XRCC5
KTN1	XRCC6
LAMB2	LAMC1
LAMB2	LRP1
LAMB2	LYPLAL1
LAMB2	MACF1
LAMB2	MAG
LAMB2	MARC2
LAMB2	MFN2
LAMB2	MMS19
LAMB2	MPP6
LAMB2	MTHFD1
LAMB2	MYH14
LAMB2	MYH9
LAMB2	MYO18A
LAMB2	NCAM1
LAMB2	NCAM2
LAMB2	NEDD8-MDP1
LAMB2	NRCAM
LAMB2	NUMA1
LAMB2	PC
LAMB2	PFDN4
LAMB2	PFDN5
LAMB2	PLEC
LAMB2	PODXL
LAMB2	POR
LAMB2	PLPP3
LAMB2	PPP3CA
LAMB2	PRDX3
LAMB2	PRKCA
LAMB2	PRKDC
LAMB2	PRODH
LAMB2	PRPF8
LAMB2	PTPRA
LAMB2	RPN1
LAMB2	RPN2
LAMB2	SESTD1
LAMB2	SLC1A3
LAMB2	SLC25A20
LAMB2	SLC3A2
LAMB2	SNCB
LAMB2	SNCG
LAMB2	SND1
LAMB2	SPTAN1
LAMB2	SPTBN1
LAMB2	STOML2
LAMB2	STXBP3
LAMB2	SULT4A1
LAMB2	SVIP
LAMB2	TARS
LAMB2	TGM2
LAMB2	TINAGL1
LAMB2	TLN1
LAMB2	TLN2
LAMB2	TNPO1
LAMB2	TNR
LAMB2	TOMM40
LAMB2	TPR
LAMB2	TRIO
LAMB2	UBA6
LAMB2	WBP2
LAMB2	XRCC5
LAMB2	XRCC6
LAMB2	YKT6
LAMC1	LRP1
LAMC1	LYPLAL1
LAMC1	MACF1
LAMC1	MAG
LAMC1	MARC2
LAMC1	MFN2
LAMC1	MMS19
LAMC1	MPP6
LAMC1	MTHFD1
LAMC1	MYH14
LAMC1	MYH9
LAMC1	MYO18A
LAMC1	NCAM1
LAMC1	NCAM2
LAMC1	NEDD8-MDP1
LAMC1	NRCAM
LAMC1	NUMA1
LAMC1	PFDN4
LAMC1	PFDN5
LAMC1	PLEC
LAMC1	PODXL
LAMC1	POR
LAMC1	PLPP3
LAMC1	PPP3CA
LAMC1	PRDX3
LAMC1	PRKCA
LAMC1	PRKDC
LAMC1	PRODH
LAMC1	PRPF8
LAMC1	PTPRA
LAMC1	RPN1
LAMC1	RPN2
LAMC1	SESTD1
LAMC1	SLC1A3
LAMC1	SLC25A20
LAMC1	SLC3A2
LAMC1	SNCB
LAMC1	SNCG
LAMC1	SND1
LAMC1	SPTAN1
LAMC1	SPTBN1
LAMC1	STOML2
LAMC1	STXBP3
LAMC1	SULT4A1
LAMC1	SVIP
LAMC1	TARS
LAMC1	TGM2
LAMC1	TINAGL1
LAMC1	TLN1
LAMC1	TLN2
LAMC1	TNPO1
LAMC1	TNR
LAMC1	TOMM40
LAMC1	TPR
LAMC1	TRIO
LAMC1	WBP2
LAMC1	XRCC5
LAMC1	XRCC6
LAMC1	YKT6
LRP1	MACF1
LRP1	MARC2
LRP1	MFN2
LRP1	MMS19
LRP1	MYH14
LRP1	MYH9
LRP1	MYO18A
LRP1	NCAM1
LRP1	NCAM2
LRP1	NEDD8-MDP1
LRP1	NUMA1
LRP1	PC
LRP1	PCBP1
LRP1	PLEC
LRP1	PODXL
LRP1	POR
LRP1	PLPP3
LRP1	PRDX3
LRP1	PRKCA
LRP1	PRKDC
LRP1	PRPF8
LRP1	PTPRA
LRP1	RPN1
LRP1	RPN2
LRP1	SLC1A3
LRP1	SLC25A20
LRP1	SLC3A2
LRP1	SNCG
LRP1	SND1
LRP1	SPTAN1
LRP1	SPTBN1
LRP1	STOML2
LRP1	SVIP
LRP1	TGM2
LRP1	TINAGL1
LRP1	TLN1
LRP1	TLN2
LRP1	TMOD2
LRP1	TNR
LRP1	TOMM40
LRP1	TPR
LRP1	TRIO
LRP1	TTLL12
LRP1	UBA6
LRP1	XPO1
LRP1	XRCC6
LRP1	YKT6
LYPLAL1	MYH9
LYPLAL1	NUMA1
LYPLAL1	PLEC
LYPLAL1	PLPP3
LYPLAL1	PRKCA
LYPLAL1	PRKDC
LYPLAL1	PTPRA
LYPLAL1	RPN1
LYPLAL1	SLC1A3
LYPLAL1	SLC25A20
LYPLAL1	STXBP3
LYPLAL1	TINAGL1
LYPLAL1	TLN1
LYPLAL1	TRIO
MACF1	MAG
MACF1	MARC2
MACF1	MFN2
MACF1	MMS19
MACF1	MYH14
MACF1	MYH9
MACF1	MYO18A
MACF1	NCAM1
MACF1	NCAM2
MACF1	NEDD8-MDP1
MACF1	NUMA1
MACF1	PC
MACF1	PCBP1
MACF1	PODXL
MACF1	POR
MACF1	PLPP3
MACF1	PRDX3
MACF1	PRKDC
MACF1	PRPF8
MACF1	PTPRA
MACF1	RPN1
MACF1	RPN2
MACF1	SEC31A
MACF1	SLC1A3
MACF1	SLC25A20
MACF1	SNCG
MACF1	SORT1
MACF1	SPTAN1
MACF1	SPTBN1
MACF1	STOML2
MACF1	SVIP
MACF1	TARDBP
MACF1	TFG
MACF1	TGM2
MACF1	TINAGL1
MACF1	TLN1
MACF1	TLN2
MACF1	TMOD2
MACF1	TNR
MACF1	TOMM40
MACF1	TPR
MACF1	TRIO
MACF1	TTLL12
MACF1	UBA6
MACF1	XPO1
MACF1	XRCC6
MACF1	YKT6
MAG	MYH9
MAG	PLEC
MAG	PLPP3
MAG	PRKDC
MAG	PTPRA
MAG	SPTAN1
MAG	SPTBN1
MAG	TLN1
MARC2	MFN2
MARC2	MMS19
MARC2	MYH14
MARC2	MYH9
MARC2	MYO18A
MARC2	NCAM1
MARC2	NCAM2
MARC2	NUMA1
MARC2	PODXL
MARC2	PRKDC
MARC2	PTPRA
MARC2	SPTAN1
MARC2	SPTBN1
MARC2	TLN1
MARC2	TLN2
MARC2	TNR
MARC2	TOMM40
MARC2	TRIO
MARC2	XRCC6
MFN2	MMS19
MFN2	MYH14
MFN2	MYH9
MFN2	MYO18A
MFN2	NCAM1
MFN2	NCAM2
MFN2	NUMA1
MFN2	PCBP1
MFN2	PODXL
MFN2	PRKDC
MFN2	PRPF8
MFN2	PTPRA
MFN2	RPN2
MFN2	SPTAN1
MFN2	SPTBN1
MFN2	TLN2
MFN2	TMOD2
MFN2	TNR
MFN2	TOMM40
MFN2	XRCC6
MFN2	YKT6
MMAB	TRIO
MMS19	MYH14
MMS19	MYH9
MMS19	MYO18A
MMS19	NCAM1
MMS19	NCAM2
MMS19	NUMA1
MMS19	PLEC
MMS19	PODXL
MMS19	POR
MMS19	PLPP3
MMS19	PPP3CA
MMS19	PRDX3
MMS19	PRKCA
MMS19	PRKDC
MMS19	PRPF8
MMS19	PTPRA
MMS19	RPN1
MMS19	RPN2
MMS19	SLC1A3
MMS19	SLC25A20
MMS19	SLC3A2
MMS19	SNCG
MMS19	SPTAN1
MMS19	SPTBN1
MMS19	STXBP3
MMS19	SVIP
MMS19	TINAGL1
MMS19	TLN1
MMS19	TLN2
MMS19	TNPO1
MMS19	TNR
MMS19	TOMM40
MMS19	TRIO
MMS19	TTLL12
MMS19	XRCC6
MMS19	YKT6
MPP6	MTHFD1
MPP6	MYH9
MPP6	NUMA1
MPP6	PLEC
MPP6	PODXL
MPP6	PLPP3
MPP6	PRKCA
MPP6	PTPRA
MPP6	SESTD1
MPP6	SLC1A3
MPP6	SLC25A20
MPP6	SLC3A2
MPP6	SNCG
MPP6	SPTBN1
MPP6	TLN1
MPP6	TRIO
MTHFD1	MYH9
MTHFD1	NRCAM
MTHFD1	NUMA1
MTHFD1	PARP1
MTHFD1	PC
MTHFD1	PFDN5
MTHFD1	PLEC
MTHFD1	PLPP3
MTHFD1	PRKCA
MTHFD1	PRODH
MTHFD1	PTPRA
MTHFD1	SESTD1
MTHFD1	SLC1A3
MTHFD1	SLC25A20
MTHFD1	SLC3A2
MTHFD1	SNCG
MTHFD1	SPTBN1
MTHFD1	STXBP3
MTHFD1	TLN1
MTHFD1	TNPO1
MTHFD1	TRIO
MTHFD1	XPO1
MTHFD1	XRCC5
MYH14	MYH9
MYH14	MYO18A
MYH14	NCAM1
MYH14	NCAM2
MYH14	NUMA1
MYH14	PLEC
MYH14	PODXL
MYH14	POR
MYH14	PLPP3
MYH14	PRDX3
MYH14	PRKCA
MYH14	PRKDC
MYH14	PRPF8
MYH14	PTPRA
MYH14	RPN1
MYH14	RPN2
MYH14	SLC1A3
MYH14	SLC25A20
MYH14	SLC3A2
MYH14	SNCG
MYH14	SPTAN1
MYH14	SPTBN1
MYH14	STXBP3
MYH14	TGM2
MYH14	TINAGL1
MYH14	TLN1
MYH14	TLN2
MYH14	TNPO1
MYH14	TNR
MYH14	TOMM40
MYH14	TPR
MYH14	TRIO
MYH14	WBP2
MYH14	XRCC5
MYH14	XRCC6
MYH14	YKT6
MYH9	MYO18A
MYH9	NCAM1
MYH9	NCAM2
MYH9	NEDD8-MDP1
MYH9	NRCAM
MYH9	NUMA1
MYH9	PC
MYH9	PCBP1
MYH9	PCSK1N
MYH9	PFDN4
MYH9	PFDN5
MYH9	PLEC
MYH9	PODXL
MYH9	POR
MYH9	PLPP3
MYH9	PPP3CA
MYH9	PRDX3
MYH9	PRKCA
MYH9	PRKDC
MYH9	PRODH
MYH9	PRPF8
MYH9	PTPRA
MYH9	RPN1
MYH9	RPN2
MYH9	RUVBL2
MYH9	SESTD1
MYH9	SLC1A3
MYH9	SLC25A20
MYH9	SLC3A2
MYH9	SNCA
MYH9	SNCB
MYH9	SNCG
MYH9	SND1
MYH9	SPTAN1
MYH9	SPTBN1
MYH9	STOML2
MYH9	STXBP3
MYH9	SULT4A1
MYH9	SVIP
MYH9	TARS
MYH9	TGM2
MYH9	TINAGL1
MYH9	TLN1
MYH9	TLN2
MYH9	TNPO1
MYH9	TNR
MYH9	TOMM40
MYH9	TPR
MYH9	TRIO
MYH9	TTLL12
MYH9	UBA6
MYH9	WBP2
MYH9	XPO1
MYH9	XRCC5
MYH9	XRCC6
MYH9	YKT6
MYO18A	NCAM1
MYO18A	NCAM2
MYO18A	NEDD8-MDP1
MYO18A	NUMA1
MYO18A	PC
MYO18A	PCBP1
MYO18A	PFDN5
MYO18A	PFKL
MYO18A	PODXL
MYO18A	POR
MYO18A	PLPP3
MYO18A	PRDX3
MYO18A	PRKCA
MYO18A	PRKDC
MYO18A	PRPF8
MYO18A	PTPRA
MYO18A	RPN1
MYO18A	RPN2
MYO18A	SLC1A3
MYO18A	SLC25A20
MYO18A	SLC3A2
MYO18A	SNCA
MYO18A	SNCG
MYO18A	SND1
MYO18A	SORT1
MYO18A	SPTAN1
MYO18A	SPTBN1
MYO18A	STOML2
MYO18A	SVIP
MYO18A	TARDBP
MYO18A	TFG
MYO18A	TGM2
MYO18A	TINAGL1
MYO18A	TLN1
MYO18A	TLN2
MYO18A	TMOD2
MYO18A	TNR
MYO18A	TOMM40
MYO18A	TPR
MYO18A	TRIO
MYO18A	TTLL12
MYO18A	UBA6
MYO18A	XPO1
MYO18A	XRCC6
MYO18A	YKT6
NCAM1	NCAM2
NCAM1	PC
NCAM1	PODXL
NCAM1	PRKDC
NCAM1	PRPF8
NCAM1	PTPRA
NCAM1	RPN2
NCAM1	SPTAN1
NCAM1	SPTBN1
NCAM1	TLN1
NCAM1	TLN2
NCAM1	TNR
NCAM1	TOMM40
NCAM1	TRIO
NCAM1	UBA6
NCAM1	XRCC6
NCAM1	YKT6
NCAM2	NEDD8-MDP1
NCAM2	NUMA1
NCAM2	PC
NCAM2	PCBP1
NCAM2	PCSK1N
NCAM2	PFDN5
NCAM2	PFKL
NCAM2	PODXL
NCAM2	PLPP3
NCAM2	PRDX3
NCAM2	PRKDC
NCAM2	PRPF8
NCAM2	PTPRA
NCAM2	RPN2
NCAM2	SLC1A3
NCAM2	SLC25A20
NCAM2	SLC3A2
NCAM2	SNCG
NCAM2	SND1
NCAM2	SPTAN1
NCAM2	SPTBN1
NCAM2	SVIP
NCAM2	TINAGL1
NCAM2	TLN1
NCAM2	TLN2
NCAM2	TNR
NCAM2	TOMM40
NCAM2	TRIO
NCAM2	TTLL12
NCAM2	UBA6
NCAM2	XPO1
NCAM2	XRCC6
NCAM2	YKT6
NEDD8-MDP1	NUMA1
NEDD8-MDP1	PLEC
NEDD8-MDP1	PODXL
NEDD8-MDP1	PLPP3
NEDD8-MDP1	PRKDC
NEDD8-MDP1	PTPRA
NEDD8-MDP1	RPN2
NEDD8-MDP1	RUVBL2
NEDD8-MDP1	SLC1A3
NEDD8-MDP1	SPTAN1
NEDD8-MDP1	SPTBN1
NEDD8-MDP1	TLN1
NEDD8-MDP1	TLN2
NEDD8-MDP1	TNR
NEDD8-MDP1	TRIO
NRCAM	PC
NRCAM	PLPP3
NRCAM	PTPRA
NRCAM	SPTAN1
NRCAM	SPTBN1
NRCAM	TLN1
NRCAM	TNR
NSFL1C	SVIP
NUMA1	PLEC
NUMA1	PODXL
NUMA1	PLPP3
NUMA1	PRDX3
NUMA1	PRKCA
NUMA1	PRKDC
NUMA1	PRODH
NUMA1	PRPF8
NUMA1	PTPRA
NUMA1	RPN1
NUMA1	RPN2
NUMA1	RUVBL2
NUMA1	SLC1A3
NUMA1	SLC25A20
NUMA1	SLC3A2
NUMA1	SNCG
NUMA1	SPTAN1
NUMA1	SPTBN1
NUMA1	STXBP3
NUMA1	TINAGL1
NUMA1	TLN1
NUMA1	TLN2
NUMA1	TNR
NUMA1	TOMM40
NUMA1	TPR
NUMA1	TRIO
NUMA1	XRCC5
NUMA1	XRCC6
NUMA1	YKT6
OSBPL1A	PLEC
PARP1	PLEC
PARP1	PLPP3
PARP1	RUVBL2
PARP1	SLC1A3
PARP1	SND1
PARP1	TLN1
PC	PFKL
PC	PTPRA
PC	SPTAN1
PC	SPTBN1
PC	TLN1
PC	TLN2
PC	TNR
PC	TTLL12
PC	XPO1
PCBP1	PRKDC
PCBP1	PTPRA
PCBP1	SPTAN1
PCBP1	SPTBN1
PCBP1	TLN2
PCBP1	TNR
PCSK1N	PFDN4
PCSK1N	PFDN5
PCSK1N	SLC1A3
PCSK1N	TLN1
PFDN4	PLEC
PFDN4	PLPP3
PFDN4	PTPRA
PFDN4	SLC1A3
PFDN4	TLN1
PFDN5	PODXL
PFDN5	PLPP3
PFDN5	PTPRA
PFDN5	SLC1A3
PFDN5	SLC25A20
PFDN5	SNCA
PFDN5	SNCB
PFDN5	SNCG
PFDN5	SPTAN1
PFDN5	SPTBN1
PFDN5	TLN1
PFDN5	TLN2
PFDN5	TNR
PFDN5	UBA6
PFKL	TLN2
PLEC	PODXL
PLEC	PLPP3
PLEC	PPP3CA
PLEC	PRDX3
PLEC	PRKCA
PLEC	PRKDC
PLEC	PRODH
PLEC	PRPF8
PLEC	PTPRA
PLEC	RPN1
PLEC	RPN2
PLEC	RUVBL2
PLEC	SESTD1
PLEC	SLC1A3
PLEC	SLC25A20
PLEC	SLC3A2
PLEC	SNCG
PLEC	SND1
PLEC	SPTAN1
PLEC	SPTBN1
PLEC	STOML2
PLEC	STXBP3
PLEC	SULT4A1
PLEC	SVIP
PLEC	TARS
PLEC	TINAGL1
PLEC	TLN1
PLEC	TNPO1
PLEC	TNR
PLEC	TPR
PLEC	TRIO
PLEC	WBP2
PLEC	XRCC5
PLEC	XRCC6
PLEC	YKT6
PODXL	PLPP3
PODXL	PRDX3
PODXL	PRKCA
PODXL	PRKDC
PODXL	PRPF8
PODXL	PTPRA
PODXL	RPN1
PODXL	RPN2
PODXL	SLC1A3
PODXL	SLC25A20
PODXL	SLC3A2
PODXL	SNCG
PODXL	SND1
PODXL	SPTAN1
PODXL	SPTBN1
PODXL	SVIP
PODXL	TARS
PODXL	TINAGL1
PODXL	TLN1
PODXL	TLN2
PODXL	TNR
PODXL	TPR
PODXL	TRIO
PODXL	UBA6
PODXL	XRCC6
PODXL	YKT6
POR	PRKCA
POR	PRKDC
POR	PTPRA
POR	RPN1
POR	SPTAN1
POR	SPTBN1
POR	TLN1
POR	TLN2
POR	TNR
POR	TRIO
POR	TTLL12
POR	XRCC6
PLPP3	PRDX3
PLPP3	PRKCA
PLPP3	PRKDC
PLPP3	PRODH
PLPP3	PRPF8
PLPP3	PTPRA
PLPP3	RPN1
PLPP3	RPN2
PLPP3	RUVBL2
PLPP3	SESTD1
PLPP3	SLC1A3
PLPP3	SLC25A20
PLPP3	SLC3A2
PLPP3	SNCG
PLPP3	SND1
PLPP3	SPTAN1
PLPP3	SPTBN1
PLPP3	STOML2
PLPP3	STXBP3
PLPP3	SULT4A1
PLPP3	SVIP
PLPP3	TARS
PLPP3	TINAGL1
PLPP3	TLN1
PLPP3	TLN2
PLPP3	TNPO1
PLPP3	TNR
PLPP3	TPR
PLPP3	TRIO
PLPP3	UBA6
PLPP3	WBP2
PLPP3	XRCC5
PLPP3	XRCC6
PLPP3	YKT6
PPP3CA	PRKDC
PPP3CA	PTPRA
PPP3CA	RPN1
PPP3CA	SNCG
PPP3CA	SPTBN1
PPP3CA	STXBP3
PPP3CA	TLN1
PPP3CA	TRIO
PPP3CA	XRCC6
PRDX3	PRKDC
PRDX3	PTPRA
PRDX3	RPN2
PRDX3	SLC1A3
PRDX3	SNCG
PRDX3	SPTAN1
PRDX3	SPTBN1
PRDX3	TINAGL1
PRDX3	TLN1
PRDX3	TLN2
PRDX3	TNR
PRDX3	TRIO
PRKCA	PRKDC
PRKCA	PRODH
PRKCA	PRPF8
PRKCA	PTPRA
PRKCA	RPN1
PRKCA	RPN2
PRKCA	SESTD1
PRKCA	SLC1A3
PRKCA	SLC25A20
PRKCA	SLC3A2
PRKCA	SNCG
PRKCA	SPTAN1
PRKCA	SPTBN1
PRKCA	STXBP3
PRKCA	SULT4A1
PRKCA	SVIP
PRKCA	TGM2
PRKCA	TINAGL1
PRKCA	TLN1
PRKCA	TNPO1
PRKCA	TNR
PRKCA	TPR
PRKCA	TRIO
PRKCA	WBP2
PRKCA	XRCC5
PRKCA	XRCC6
PRKCA	YKT6
PRKDC	PRODH
PRKDC	PRPF8
PRKDC	PTPRA
PRKDC	RPN1
PRKDC	RPN2
PRKDC	RUVBL2
PRKDC	SEC31A
PRKDC	SESTD1
PRKDC	SLC1A3
PRKDC	SLC25A20
PRKDC	SLC3A2
PRKDC	SNCG
PRKDC	SND1
PRKDC	SPTAN1
PRKDC	SPTBN1
PRKDC	STOML2
PRKDC	TARDBP
PRKDC	TINAGL1
PRKDC	TLN1
PRKDC	TLN2
PRKDC	TNR
PRKDC	TOMM40
PRKDC	TPR
PRKDC	TRIO
PRKDC	XRCC5
PRKDC	XRCC6
PRKDC	YKT6
PRODH	PTPRA
PRODH	RPN1
PRODH	SLC1A3
PRODH	SPTAN1
PRODH	SPTBN1
PRODH	TLN1
PRODH	TRIO
PRODH	XRCC6
PRPF8	PTPRA
PRPF8	RPN1
PRPF8	RPN2
PRPF8	SLC1A3
PRPF8	SPTAN1
PRPF8	SPTBN1
PRPF8	TINAGL1
PRPF8	TLN1
PRPF8	TLN2
PRPF8	TNR
PRPF8	TOMM40
PRPF8	TPR
PRPF8	TRIO
PRPF8	XRCC6
PTPRA	RPN1
PTPRA	RPN2
PTPRA	RUVBL2
PTPRA	SESTD1
PTPRA	SLC1A3
PTPRA	SLC25A20
PTPRA	SLC3A2
PTPRA	SNCA
PTPRA	SNCB
PTPRA	SNCG
PTPRA	SND1
PTPRA	SPTAN1
PTPRA	SPTBN1
PTPRA	STOML2
PTPRA	STXBP3
PTPRA	SULT4A1
PTPRA	SVIP
PTPRA	TARS
PTPRA	TGM2
PTPRA	TINAGL1
PTPRA	TLN1
PTPRA	TLN2
PTPRA	TNPO1
PTPRA	TNR
PTPRA	TOMM40
PTPRA	TPR
PTPRA	TRIO
PTPRA	TTLL12
PTPRA	UBA6
PTPRA	WBP2
PTPRA	XPO1
PTPRA	XRCC5
PTPRA	XRCC6
PTPRA	YKT6
RPN1	RPN2
RPN1	SLC1A3
RPN1	SLC25A20
RPN1	SLC3A2
RPN1	SNCG
RPN1	SPTAN1
RPN1	SPTBN1
RPN1	STXBP3
RPN1	SULT4A1
RPN1	TGM2
RPN1	TINAGL1
RPN1	TLN1
RPN1	TLN2
RPN1	TNPO1
RPN1	TNR
RPN1	TPR
RPN1	TRIO
RPN1	XRCC5
RPN1	XRCC6
RPN2	RUVBL2
RPN2	SLC1A3
RPN2	SLC25A20
RPN2	SLC3A2
RPN2	SNCG
RPN2	SPTAN1
RPN2	SPTBN1
RPN2	STXBP3
RPN2	SULT4A1
RPN2	SVIP
RPN2	TINAGL1
RPN2	TLN1
RPN2	TLN2
RPN2	TNR
RPN2	TOMM40
RPN2	TPR
RPN2	TRIO
RPN2	XRCC5
RPN2	XRCC6
RPN2	YKT6
RUVBL2	SLC1A3
RUVBL2	SND1
RUVBL2	TLN1
RUVBL2	TRIO
RUVBL2	XRCC5
SEC31A	TARDBP
SEC31A	TOMM40
SEC31A	XRCC5
SEC31A	XRCC6
SESTD1	SLC3A2
SESTD1	TLN1
SESTD1	TRIO
SESTD1	XRCC6
SLC1A3	SLC25A20
SLC1A3	SLC3A2
SLC1A3	SNCA
SLC1A3	SNCB
SLC1A3	SNCG
SLC1A3	SND1
SLC1A3	SPTAN1
SLC1A3	SPTBN1
SLC1A3	STXBP3
SLC1A3	SULT4A1
SLC1A3	SVIP
SLC1A3	TARS
SLC1A3	TINAGL1
SLC1A3	TLN1
SLC1A3	TLN2
SLC1A3	TNR
SLC1A3	TPR
SLC1A3	TRIO
SLC1A3	UBA6
SLC1A3	WBP2
SLC1A3	XRCC5
SLC1A3	XRCC6
SLC1A3	YKT6
SLC25A20	SLC3A2
SLC25A20	SNCG
SLC25A20	SPTAN1
SLC25A20	SPTBN1
SLC25A20	STXBP3
SLC25A20	TINAGL1
SLC25A20	TLN1
SLC25A20	TNPO1
SLC25A20	TNR
SLC25A20	TRIO
SLC25A20	XRCC5
SLC25A20	XRCC6
SLC3A2	SNCG
SLC3A2	SPTAN1
SLC3A2	SPTBN1
SLC3A2	STXBP3
SLC3A2	SVIP
SLC3A2	TINAGL1
SLC3A2	TLN1
SLC3A2	TLN2
SLC3A2	TNPO1
SLC3A2	TNR
SLC3A2	TRIO
SLC3A2	XRCC6
SNCA	SNCB
SNCA	SNCG
SNCA	SPTBN1
SNCA	TLN2
SNCB	SNCG
SNCG	SPTAN1
SNCG	SPTBN1
SNCG	TINAGL1
SNCG	TLN1
SNCG	TLN2
SNCG	TNR
SNCG	TRIO
SNCG	XRCC6
SND1	SPTAN1
SND1	SPTBN1
SND1	TLN1
SND1	TLN2
SND1	TNR
SORT1	TMOD2
SPTAN1	SPTBN1
SPTAN1	STOML2
SPTAN1	SVIP
SPTAN1	TFG
SPTAN1	TGM2
SPTAN1	TINAGL1
SPTAN1	TLN1
SPTAN1	TLN2
SPTAN1	TNR
SPTAN1	TOMM40
SPTAN1	TPR
SPTAN1	TRIO
SPTAN1	TTLL12
SPTAN1	UBA6
SPTAN1	XPO1
SPTAN1	XRCC6
SPTAN1	YKT6
SPTBN1	STOML2
SPTBN1	SVIP
SPTBN1	TARS
SPTBN1	TFG
SPTBN1	TGM2
SPTBN1	TINAGL1
SPTBN1	TLN1
SPTBN1	TLN2
SPTBN1	TMOD2
SPTBN1	TNR
SPTBN1	TOMM40
SPTBN1	TPR
SPTBN1	TRIO
SPTBN1	TTLL12
SPTBN1	UBA6
SPTBN1	XPO1
SPTBN1	XRCC6
SPTBN1	YKT6
STOML2	TLN1
STOML2	TLN2
STOML2	TNR
STXBP3	SULT4A1
STXBP3	TINAGL1
STXBP3	TLN1
STXBP3	TNPO1
STXBP3	TRIO
STXBP3	WBP2
STXBP3	XRCC5
SULT4A1	TLN1
SULT4A1	TRIO
SVIP	TLN1
SVIP	TLN2
SVIP	TNR
SVIP	TRIO
TARDBP	TLN2
TARDBP	TOMM40
TARDBP	TPR
TARDBP	XRCC6
TARS	TLN1
TFG	TLN2
TGM2	TLN1
TGM2	TLN2
TGM2	TRIO
TINAGL1	TLN1
TINAGL1	TLN2
TINAGL1	TNR
TINAGL1	TRIO
TINAGL1	XRCC6
TLN1	TLN2
TLN1	TNPO1
TLN1	TNR
TLN1	TPR
TLN1	TRIO
TLN1	WBP2
TLN1	XRCC5
TLN1	XRCC6
TLN1	YKT6
TLN2	TMOD2
TLN2	TNR
TLN2	TOMM40
TLN2	TPR
TLN2	TRIO
TLN2	TTLL12
TLN2	UBA6
TLN2	XPO1
TLN2	XRCC6
TLN2	YKT6
TNPO1	TRIO
TNPO1	XRCC5
TNR	TOMM40
TNR	TPR
TNR	TRIO
TNR	UBA6
TNR	XPO1
TNR	XRCC6
TNR	YKT6
TOMM40	TPR
TOMM40	TRIO
TOMM40	XRCC6
TPR	TRIO
TPR	XRCC5
TPR	XRCC6
TRIO	WBP2
TRIO	XRCC5
TRIO	XRCC6
XRCC5	XRCC6
