ACADSB	ACSL6
ACADSB	AP1G1
ACADSB	AP2A2
ACADSB	CAND1
ACADSB	GRIA2
ACADSB	KPNB1
ACADSB	LONP1
ACADSB	NCKAP1
ACADSB	RALY
ACADSB	USP5
ACSL6	ACTN1
ACSL6	ACTN2
ACSL6	ADAM22
ACSL6	COQ8A
ACSL6	AFG3L2
ACSL6	AMPH
ACSL6	AP1B1
ACSL6	AP1G1
ACSL6	AP2A1
ACSL6	AP2A2
ACSL6	AP2B1
ACSL6	AP3B2
ACSL6	ARHGAP26
ACSL6	ARHGAP44
ACSL6	ARHGEF2
ACSL6	ARHGEF7
ACSL6	ATP6V1A
ACSL6	AVL9
ACSL6	CACNA2D1
ACSL6	CAMK4
ACSL6	CAND1
ACSL6	CAP2
ACSL6	CLASP2
ACSL6	CLSTN1
ACSL6	CSDE1
ACSL6	CSPG5
ACSL6	CUL3
ACSL6	DLAT
ACSL6	DLG4
ACSL6	DNAJC6
ACSL6	DNM1
ACSL6	DNM1L
ACSL6	DNM2
ACSL6	DNM3
ACSL6	DPP6
ACSL6	DYNC1I1
ACSL6	EPB41L1
ACSL6	EPB41L3
ACSL6	EXOC3
ACSL6	FAM49B
ACSL6	GIT1
ACSL6	GNL1
ACSL6	GRIA2
ACSL6	GRIA3
ACSL6	H2AFY
ACSL6	HK1
ACSL6	HSPA4L
ACSL6	IGSF9B
ACSL6	IMMT
ACSL6	IQSEC1
ACSL6	KIF2A
ACSL6	KIF5C
ACSL6	LETM1
ACSL6	LONP1
ACSL6	MGLL
ACSL6	NCKAP1
ACSL6	NLGN2
ACSL6	NSF
ACSL6	NT5C2
ACSL6	OGDH
ACSL6	OGT
ACSL6	PDE2A
ACSL6	PFKP
ACSL6	PIP5K1C
ACSL6	PPP2R1A
ACSL6	PPP2R5E
ACSL6	PRKCE
ACSL6	PRKCG
ACSL6	PTBP1
ACSL6	RALY
ACSL6	RASA1
ACSL6	RHOT1
ACSL6	RMDN3
ACSL6	SLC25A12
ACSL6	SLC25A13
ACSL6	SNAP91
ACSL6	SNX30
ACSL6	SOGA3
ACSL6	STXBP1
ACSL6	SYNPR
ACSL6	SYT1
ACSL6	TBC1D17
ACSL6	TNPO3
ACSL6	TOMM70
ACSL6	TRAP1
ACSL6	USP5
ACSL6	VPS35
ACSL6	WASF1
ACTN1	ACTN2
ACTN1	ADAM22
ACTN1	COQ8A
ACTN1	AFG3L2
ACTN1	AMPH
ACTN1	AP1B1
ACTN1	AP1G1
ACTN1	AP2A1
ACTN1	AP2A2
ACTN1	AP2B1
ACTN1	AP3B2
ACTN1	ARHGAP26
ACTN1	ARHGAP44
ACTN1	ARHGEF2
ACTN1	ARHGEF7
ACTN1	ATAD3A
ACTN1	ATP6V1A
ACTN1	AVL9
ACTN1	CACNA2D1
ACTN1	A0A087WZR6
ACTN1	CADM4
ACTN1	CAMK4
ACTN1	CAND1
ACTN1	CAP2
ACTN1	CLASP2
ACTN1	CLINT1
ACTN1	CLSTN1
ACTN1	CORO1A
ACTN1	CSDE1
ACTN1	CSPG5
ACTN1	CTNND1
ACTN1	CUL3
ACTN1	DAD1
ACTN1	DLAT
ACTN1	DLG1
ACTN1	DLG3
ACTN1	DLG4
ACTN1	DNAJC6
ACTN1	DNM1
ACTN1	DNM1L
ACTN1	DNM2
ACTN1	DNM3
ACTN1	DPP6
ACTN1	DYNC1I1
ACTN1	EPB41L1
ACTN1	EPB41L3
ACTN1	EPN1
ACTN1	EXOC2
ACTN1	EXOC3
ACTN1	FAM49B
ACTN1	GGT7
ACTN1	GIT1
ACTN1	GNL1
ACTN1	GRIA2
ACTN1	GRIA3
ACTN1	H2AFY
ACTN1	HGS
ACTN1	HK1
ACTN1	HSPA4L
ACTN1	IGSF8
ACTN1	IGSF9B
ACTN1	ILF3
ACTN1	IMMT
ACTN1	IQSEC1
ACTN1	KIF2A
ACTN1	KIF5C
ACTN1	E7EVH7
ACTN1	LETM1
ACTN1	LONP1
ACTN1	LRRC40
ACTN1	MCCC2
ACTN1	MGLL
ACTN1	NCKAP1
ACTN1	NECAB2
ACTN1	NLGN2
ACTN1	NSF
ACTN1	NT5C2
ACTN1	OGDH
ACTN1	OGT
ACTN1	PCYOX1
ACTN1	PDCD6IP
ACTN1	PDE1B
ACTN1	PDE2A
ACTN1	PFKP
ACTN1	PIP5K1C
ACTN1	PPP2R1A
ACTN1	PPP2R2A
ACTN1	PPP2R5D
ACTN1	PPP2R5E
ACTN1	PRKCE
ACTN1	PRKCG
ACTN1	PTBP1
ACTN1	RALY
ACTN1	RASA1
ACTN1	RHOT1
ACTN1	RMDN3
ACTN1	SARS2
ACTN1	SIRPA
ACTN1	SLC25A12
ACTN1	SLC25A13
ACTN1	SNAP91
ACTN1	SNX30
ACTN1	SOGA3
ACTN1	STXBP1
ACTN1	SYNPR
ACTN1	SYT1
ACTN1	SYT5
ACTN1	TBC1D17
ACTN1	TNPO3
ACTN1	TOM1
ACTN1	TOM1L2
ACTN1	TOMM70
ACTN1	TPP1
ACTN1	TPRG1L
ACTN1	TRAP1
ACTN1	UGGT1
ACTN1	USP5
ACTN1	VPS35
ACTN1	VPS51
ACTN1	WASF1
ACTN2	ADAM22
ACTN2	COQ8A
ACTN2	AFG3L2
ACTN2	AMPH
ACTN2	AP1B1
ACTN2	AP1G1
ACTN2	AP2A1
ACTN2	AP2A2
ACTN2	AP2B1
ACTN2	AP3B2
ACTN2	ARHGAP26
ACTN2	ARHGAP44
ACTN2	ARHGEF2
ACTN2	ARHGEF7
ACTN2	ATAD3A
ACTN2	ATP6V1A
ACTN2	AVL9
ACTN2	CACNA2D1
ACTN2	A0A087WZR6
ACTN2	CADM4
ACTN2	CAMK4
ACTN2	CAP2
ACTN2	CLASP2
ACTN2	CLINT1
ACTN2	CLSTN1
ACTN2	CORO1A
ACTN2	CSPG5
ACTN2	CTNND1
ACTN2	CUL3
ACTN2	DAD1
ACTN2	DLAT
ACTN2	DLG1
ACTN2	DLG3
ACTN2	DLG4
ACTN2	DNAJC6
ACTN2	DNM1
ACTN2	DNM1L
ACTN2	DNM2
ACTN2	DNM3
ACTN2	DPP6
ACTN2	DYNC1I1
ACTN2	EPB41L1
ACTN2	EPB41L3
ACTN2	EPN1
ACTN2	EXOC2
ACTN2	EXOC3
ACTN2	FAM49B
ACTN2	GGT7
ACTN2	GIT1
ACTN2	GNL1
ACTN2	GRIA2
ACTN2	GRIA3
ACTN2	H2AFY
ACTN2	HGS
ACTN2	HK1
ACTN2	HSPA4L
ACTN2	IGSF8
ACTN2	IGSF9B
ACTN2	ILF3
ACTN2	IMMT
ACTN2	IQSEC1
ACTN2	KIF5C
ACTN2	E7EVH7
ACTN2	LETM1
ACTN2	LONP1
ACTN2	LRRC40
ACTN2	MCCC2
ACTN2	MGLL
ACTN2	NCKAP1
ACTN2	NECAB2
ACTN2	NLGN2
ACTN2	NSF
ACTN2	NT5C2
ACTN2	OGDH
ACTN2	OGT
ACTN2	PCYOX1
ACTN2	PDCD6IP
ACTN2	PDE1B
ACTN2	PDE2A
ACTN2	PFKP
ACTN2	PIP5K1C
ACTN2	PPP2R1A
ACTN2	PPP2R2A
ACTN2	PPP2R5D
ACTN2	PPP2R5E
ACTN2	PRKCE
ACTN2	PRKCG
ACTN2	PTBP1
ACTN2	RALY
ACTN2	RASA1
ACTN2	RHOT1
ACTN2	RMDN3
ACTN2	SARS2
ACTN2	SIRPA
ACTN2	SLC25A12
ACTN2	SLC25A13
ACTN2	SNAP91
ACTN2	SNX30
ACTN2	SOGA3
ACTN2	STXBP1
ACTN2	SYNPR
ACTN2	SYT1
ACTN2	SYT5
ACTN2	TBC1D17
ACTN2	TOM1
ACTN2	TOM1L2
ACTN2	TOMM70
ACTN2	TPP1
ACTN2	TPRG1L
ACTN2	TRAP1
ACTN2	UGGT1
ACTN2	USP5
ACTN2	VPS35
ACTN2	VPS51
ACTN2	WASF1
ADAM22	AFG3L2
ADAM22	AMPH
ADAM22	AP1B1
ADAM22	AP1G1
ADAM22	AP2A1
ADAM22	AP2A2
ADAM22	AP2B1
ADAM22	AP3B2
ADAM22	ARHGAP26
ADAM22	ARHGAP44
ADAM22	ARHGEF2
ADAM22	ARHGEF7
ADAM22	ATAD3A
ADAM22	ATP6V1A
ADAM22	AVL9
ADAM22	CACNA2D1
ADAM22	A0A087WZR6
ADAM22	CADM4
ADAM22	CAMK4
ADAM22	CAP2
ADAM22	CLASP2
ADAM22	CLINT1
ADAM22	CLSTN1
ADAM22	CORO1A
ADAM22	CSPG5
ADAM22	DAD1
ADAM22	DLAT
ADAM22	DLG1
ADAM22	DLG3
ADAM22	DLG4
ADAM22	DNAJC6
ADAM22	DNM1
ADAM22	DNM1L
ADAM22	DNM2
ADAM22	DNM3
ADAM22	DPP6
ADAM22	DYNC1I1
ADAM22	EPB41L1
ADAM22	EPB41L3
ADAM22	EPN1
ADAM22	FAM49B
ADAM22	GGT7
ADAM22	GIT1
ADAM22	GNL1
ADAM22	GRIA2
ADAM22	GRIA3
ADAM22	H2AFY
ADAM22	HGS
ADAM22	HK1
ADAM22	HSPA4L
ADAM22	IGSF8
ADAM22	IGSF9B
ADAM22	ILF3
ADAM22	IMMT
ADAM22	IQSEC1
ADAM22	KIF2A
ADAM22	KIF5C
ADAM22	E7EVH7
ADAM22	LETM1
ADAM22	LONP1
ADAM22	MCCC2
ADAM22	MGLL
ADAM22	NCKAP1
ADAM22	NECAB2
ADAM22	NLGN2
ADAM22	NSF
ADAM22	NT5C2
ADAM22	OGDH
ADAM22	OGT
ADAM22	PCYOX1
ADAM22	PDCD6IP
ADAM22	PDE1B
ADAM22	PDE2A
ADAM22	PFKP
ADAM22	PIP5K1C
ADAM22	PPP2R1A
ADAM22	PPP2R2A
ADAM22	PPP2R5D
ADAM22	PPP2R5E
ADAM22	PRKCE
ADAM22	PRKCG
ADAM22	PTBP1
ADAM22	RALY
ADAM22	RASA1
ADAM22	RHOT1
ADAM22	RMDN3
ADAM22	SARS2
ADAM22	SIRPA
ADAM22	SLC25A12
ADAM22	SLC25A13
ADAM22	SNAP91
ADAM22	SNX30
ADAM22	SOGA3
ADAM22	STXBP1
ADAM22	SYNPR
ADAM22	SYT1
ADAM22	SYT5
ADAM22	TOM1
ADAM22	TOM1L2
ADAM22	TOMM70
ADAM22	TPP1
ADAM22	TPRG1L
ADAM22	TRAP1
ADAM22	USP5
ADAM22	VPS35
ADAM22	VPS51
ADAM22	WASF1
COQ8A	AP1B1
COQ8A	AP1G1
COQ8A	AP2A1
COQ8A	AP2A2
COQ8A	AP2B1
COQ8A	AP3B2
COQ8A	ARHGAP26
COQ8A	ARHGAP44
COQ8A	ARHGEF2
COQ8A	ARHGEF7
COQ8A	ATAD3A
COQ8A	AVL9
COQ8A	CACNA2D1
COQ8A	A0A087WZR6
COQ8A	CAND1
COQ8A	CAP2
COQ8A	CLASP2
COQ8A	CLINT1
COQ8A	CLSTN1
COQ8A	CORO1A
COQ8A	CSDE1
COQ8A	CSPG5
COQ8A	CTNND1
COQ8A	CUL3
COQ8A	DLG3
COQ8A	DLG4
COQ8A	DNAJC6
COQ8A	DNM1
COQ8A	DNM1L
COQ8A	DNM2
COQ8A	DNM3
COQ8A	DPP6
COQ8A	EPB41L1
COQ8A	EPB41L3
COQ8A	EXOC2
COQ8A	EXOC3
COQ8A	FAM49B
COQ8A	GIT1
COQ8A	GNL1
COQ8A	GRIA2
COQ8A	GRIA3
COQ8A	HGS
COQ8A	IGSF9B
COQ8A	ILF3
COQ8A	IMMT
COQ8A	IQSEC1
COQ8A	KIF2A
COQ8A	KIF5C
COQ8A	E7EVH7
COQ8A	KPNB1
COQ8A	LETM1
COQ8A	LONP1
COQ8A	LRRC40
COQ8A	MGLL
COQ8A	NCKAP1
COQ8A	NECAB2
COQ8A	NLGN2
COQ8A	NSF
COQ8A	NT5C2
COQ8A	OGDH
COQ8A	OGT
COQ8A	PCYOX1
COQ8A	PDE2A
COQ8A	PFKP
COQ8A	PIP5K1C
COQ8A	PPP2R1A
COQ8A	PPP2R2A
COQ8A	PPP2R5D
COQ8A	PPP2R5E
COQ8A	PRKCE
COQ8A	PRKCG
COQ8A	PTBP1
COQ8A	RALY
COQ8A	RASA1
COQ8A	RHOT1
COQ8A	SARS2
COQ8A	SIRPA
COQ8A	SLC25A12
COQ8A	SLC25A13
COQ8A	SNAP91
COQ8A	SNX30
COQ8A	SOGA3
COQ8A	STXBP1
COQ8A	SYNPR
COQ8A	TBC1D17
COQ8A	TNPO3
COQ8A	TOM1
COQ8A	TOMM70
COQ8A	TRAP1
COQ8A	UGGT1
COQ8A	USP5
COQ8A	VPS35
COQ8A	VPS51
COQ8A	WASF1
AFG3L2	AMPH
AFG3L2	AP1B1
AFG3L2	AP1G1
AFG3L2	AP2A1
AFG3L2	AP2A2
AFG3L2	AP2B1
AFG3L2	AP3B2
AFG3L2	ARHGAP26
AFG3L2	ARHGAP44
AFG3L2	ARHGEF2
AFG3L2	ARHGEF7
AFG3L2	ATAD3A
AFG3L2	ATP6V1A
AFG3L2	AVL9
AFG3L2	CACNA2D1
AFG3L2	A0A087WZR6
AFG3L2	CADM4
AFG3L2	CAMK4
AFG3L2	CAP2
AFG3L2	CLASP2
AFG3L2	CLINT1
AFG3L2	CLSTN1
AFG3L2	CORO1A
AFG3L2	CSPG5
AFG3L2	CTNND1
AFG3L2	DAD1
AFG3L2	DLAT
AFG3L2	DLG1
AFG3L2	DLG3
AFG3L2	DLG4
AFG3L2	DNAJC6
AFG3L2	DNM1
AFG3L2	DNM1L
AFG3L2	DNM2
AFG3L2	DNM3
AFG3L2	DPP6
AFG3L2	EPB41L1
AFG3L2	EPB41L3
AFG3L2	EPN1
AFG3L2	FAM49B
AFG3L2	GGT7
AFG3L2	GIT1
AFG3L2	GNL1
AFG3L2	GRIA2
AFG3L2	GRIA3
AFG3L2	H2AFY
AFG3L2	HGS
AFG3L2	HK1
AFG3L2	HSPA4L
AFG3L2	IGSF8
AFG3L2	IGSF9B
AFG3L2	IMMT
AFG3L2	IQSEC1
AFG3L2	KIF5C
AFG3L2	E7EVH7
AFG3L2	LETM1
AFG3L2	LONP1
AFG3L2	MCCC2
AFG3L2	MGLL
AFG3L2	NCKAP1
AFG3L2	NECAB2
AFG3L2	NLGN2
AFG3L2	NSF
AFG3L2	NT5C2
AFG3L2	OGDH
AFG3L2	PCYOX1
AFG3L2	PDCD6IP
AFG3L2	PDE1B
AFG3L2	PDE2A
AFG3L2	PFKP
AFG3L2	PIP5K1C
AFG3L2	PPP2R1A
AFG3L2	PPP2R2A
AFG3L2	PPP2R5D
AFG3L2	PPP2R5E
AFG3L2	PRKCE
AFG3L2	PRKCG
AFG3L2	PTBP1
AFG3L2	RALY
AFG3L2	RHOT1
AFG3L2	RMDN3
AFG3L2	SARS2
AFG3L2	SIRPA
AFG3L2	SLC25A12
AFG3L2	SLC25A13
AFG3L2	SNAP91
AFG3L2	SNX30
AFG3L2	SOGA3
AFG3L2	STXBP1
AFG3L2	SYNPR
AFG3L2	SYT1
AFG3L2	SYT5
AFG3L2	TOMM70
AFG3L2	TPP1
AFG3L2	TPRG1L
AFG3L2	TRAP1
AFG3L2	USP5
AFG3L2	VPS35
AFG3L2	VPS51
AFG3L2	WASF1
AMPH	AP1B1
AMPH	AP1G1
AMPH	AP2A1
AMPH	AP2A2
AMPH	AP2B1
AMPH	AP3B2
AMPH	ARHGAP26
AMPH	ARHGAP44
AMPH	ARHGEF2
AMPH	ARHGEF7
AMPH	ATAD3A
AMPH	ATP6V1A
AMPH	AVL9
AMPH	CACNA2D1
AMPH	A0A087WZR6
AMPH	CADM4
AMPH	CAMK4
AMPH	CAP2
AMPH	CLASP2
AMPH	CLINT1
AMPH	CLSTN1
AMPH	CORO1A
AMPH	CSPG5
AMPH	DAD1
AMPH	DLAT
AMPH	DLG1
AMPH	DLG3
AMPH	DLG4
AMPH	DNAJC6
AMPH	DNM1
AMPH	DNM1L
AMPH	DNM2
AMPH	DNM3
AMPH	DPP6
AMPH	DYNC1I1
AMPH	EPB41L1
AMPH	EPB41L3
AMPH	EPN1
AMPH	EXOC2
AMPH	FAM49B
AMPH	GGT7
AMPH	GIT1
AMPH	GNL1
AMPH	GRIA2
AMPH	GRIA3
AMPH	H2AFY
AMPH	HGS
AMPH	HK1
AMPH	HSPA4L
AMPH	IGSF8
AMPH	IGSF9B
AMPH	ILF3
AMPH	IMMT
AMPH	IQSEC1
AMPH	KIF5C
AMPH	E7EVH7
AMPH	LETM1
AMPH	MCCC2
AMPH	MGLL
AMPH	NCKAP1
AMPH	NECAB2
AMPH	NLGN2
AMPH	NSF
AMPH	NT5C2
AMPH	OGDH
AMPH	PCYOX1
AMPH	PDCD6IP
AMPH	PDE1B
AMPH	PDE2A
AMPH	PFKP
AMPH	PIP5K1C
AMPH	PPP2R1A
AMPH	PPP2R2A
AMPH	PPP2R5D
AMPH	PPP2R5E
AMPH	PRKCE
AMPH	PRKCG
AMPH	PTBP1
AMPH	RALY
AMPH	RASA1
AMPH	RHOT1
AMPH	RMDN3
AMPH	SARS2
AMPH	SIRPA
AMPH	SLC25A12
AMPH	SLC25A13
AMPH	SNAP91
AMPH	SNX30
AMPH	SOGA3
AMPH	STXBP1
AMPH	SYNPR
AMPH	SYT1
AMPH	SYT5
AMPH	TOM1
AMPH	TOM1L2
AMPH	TOMM70
AMPH	TPP1
AMPH	TPRG1L
AMPH	TRAP1
AMPH	USP5
AMPH	VPS35
AMPH	VPS51
AMPH	WASF1
AP1B1	AP1G1
AP1B1	AP2A1
AP1B1	AP2A2
AP1B1	AP2B1
AP1B1	AP3B2
AP1B1	APPL1
AP1B1	ARHGAP26
AP1B1	ARHGAP44
AP1B1	ARHGEF2
AP1B1	ARHGEF7
AP1B1	ATAD3A
AP1B1	ATP6V1A
AP1B1	AVL9
AP1B1	CACNA2D1
AP1B1	A0A087WZR6
AP1B1	CADM4
AP1B1	CAMK4
AP1B1	CAND1
AP1B1	CAP2
AP1B1	CLASP2
AP1B1	CLINT1
AP1B1	CLSTN1
AP1B1	CORO1A
AP1B1	CSDE1
AP1B1	CSPG5
AP1B1	CTNND1
AP1B1	CUL3
AP1B1	DAD1
AP1B1	DLAT
AP1B1	DLG1
AP1B1	DLG3
AP1B1	DLG4
AP1B1	DNAJC6
AP1B1	DNM1
AP1B1	DNM1L
AP1B1	DNM2
AP1B1	DNM3
AP1B1	DPP6
AP1B1	DYNC1I1
AP1B1	EPB41L1
AP1B1	EPB41L3
AP1B1	EPN1
AP1B1	EXOC2
AP1B1	EXOC3
AP1B1	FAM49B
AP1B1	GGT7
AP1B1	GIT1
AP1B1	GNL1
AP1B1	GRIA2
AP1B1	GRIA3
AP1B1	H2AFY
AP1B1	HGS
AP1B1	HK1
AP1B1	HSPA4L
AP1B1	IGSF8
AP1B1	IGSF9B
AP1B1	ILF3
AP1B1	IMMT
AP1B1	IQSEC1
AP1B1	KIF2A
AP1B1	KIF5C
AP1B1	E7EVH7
AP1B1	KPNB1
AP1B1	LETM1
AP1B1	LONP1
AP1B1	LRRC40
AP1B1	MCCC2
AP1B1	MGLL
AP1B1	MROH1
AP1B1	NCKAP1
AP1B1	NECAB2
AP1B1	NLGN2
AP1B1	NSF
AP1B1	NT5C2
AP1B1	OGDH
AP1B1	OGT
AP1B1	PCYOX1
AP1B1	PDCD6IP
AP1B1	PDE1B
AP1B1	PDE2A
AP1B1	PFKP
AP1B1	PIP5K1C
AP1B1	PPP2R1A
AP1B1	PPP2R2A
AP1B1	PPP2R5D
AP1B1	PPP2R5E
AP1B1	PRKCE
AP1B1	PRKCG
AP1B1	PTBP1
AP1B1	RALY
AP1B1	RASA1
AP1B1	RHOT1
AP1B1	RMDN3
AP1B1	SARS2
AP1B1	SIRPA
AP1B1	SLC25A12
AP1B1	SLC25A13
AP1B1	SNAP91
AP1B1	SNX30
AP1B1	SOGA3
AP1B1	STXBP1
AP1B1	SYNPR
AP1B1	SYT1
AP1B1	SYT5
AP1B1	TBC1D17
AP1B1	TNPO3
AP1B1	TOM1
AP1B1	TOM1L2
AP1B1	TOMM70
AP1B1	TPP1
AP1B1	TPRG1L
AP1B1	TRAP1
AP1B1	UGGT1
AP1B1	USP5
AP1B1	VPS35
AP1B1	VPS51
AP1B1	WASF1
AP1G1	AP2A1
AP1G1	AP2A2
AP1G1	AP2B1
AP1G1	AP3B2
AP1G1	APPL1
AP1G1	ARHGAP26
AP1G1	ARHGAP44
AP1G1	ARHGEF2
AP1G1	ARHGEF7
AP1G1	ATAD3A
AP1G1	ATP6V1A
AP1G1	AVL9
AP1G1	CACNA2D1
AP1G1	A0A087WZR6
AP1G1	CADM4
AP1G1	CAMK4
AP1G1	CAND1
AP1G1	CAP2
AP1G1	CLASP2
AP1G1	CLINT1
AP1G1	CLSTN1
AP1G1	CORO1A
AP1G1	CSDE1
AP1G1	CSPG5
AP1G1	CTNND1
AP1G1	CUL3
AP1G1	DAD1
AP1G1	DLAT
AP1G1	DLG1
AP1G1	DLG3
AP1G1	DLG4
AP1G1	DNAJC6
AP1G1	DNM1
AP1G1	DNM1L
AP1G1	DNM2
AP1G1	DNM3
AP1G1	DPP6
AP1G1	DYNC1I1
AP1G1	EPB41L1
AP1G1	EPB41L3
AP1G1	EPN1
AP1G1	EXOC2
AP1G1	EXOC3
AP1G1	FAM49B
AP1G1	GGT7
AP1G1	GIT1
AP1G1	GNL1
AP1G1	GRIA2
AP1G1	GRIA3
AP1G1	H2AFY
AP1G1	HGS
AP1G1	HK1
AP1G1	HSPA4L
AP1G1	IGSF8
AP1G1	IGSF9B
AP1G1	ILF3
AP1G1	IMMT
AP1G1	IQSEC1
AP1G1	KIF2A
AP1G1	KIF5C
AP1G1	E7EVH7
AP1G1	KPNB1
AP1G1	LETM1
AP1G1	LONP1
AP1G1	LRRC40
AP1G1	MCCC2
AP1G1	MGLL
AP1G1	NCKAP1
AP1G1	NECAB2
AP1G1	NLGN2
AP1G1	NSF
AP1G1	NT5C2
AP1G1	OGDH
AP1G1	OGT
AP1G1	PCYOX1
AP1G1	PDCD6IP
AP1G1	PDE1B
AP1G1	PDE2A
AP1G1	PFKP
AP1G1	PIP5K1C
AP1G1	PPP2R1A
AP1G1	PPP2R2A
AP1G1	PPP2R5D
AP1G1	PPP2R5E
AP1G1	PRKCE
AP1G1	PRKCG
AP1G1	PTBP1
AP1G1	RALY
AP1G1	RASA1
AP1G1	RHOT1
AP1G1	RMDN3
AP1G1	SARS2
AP1G1	SIRPA
AP1G1	SLC25A12
AP1G1	SLC25A13
AP1G1	SNAP91
AP1G1	SNX30
AP1G1	SOGA3
AP1G1	STXBP1
AP1G1	SYNPR
AP1G1	SYT1
AP1G1	SYT5
AP1G1	TBC1D17
AP1G1	TNPO3
AP1G1	TOM1
AP1G1	TOMM70
AP1G1	TPP1
AP1G1	TPRG1L
AP1G1	TRAP1
AP1G1	UGGT1
AP1G1	USP5
AP1G1	VPS35
AP1G1	VPS51
AP1G1	WASF1
AP2A1	AP2A2
AP2A1	AP2B1
AP2A1	AP3B2
AP2A1	ARHGAP26
AP2A1	ARHGAP44
AP2A1	ARHGEF2
AP2A1	ARHGEF7
AP2A1	ATAD3A
AP2A1	ATP6V1A
AP2A1	AVL9
AP2A1	CACNA2D1
AP2A1	A0A087WZR6
AP2A1	CADM4
AP2A1	CAMK4
AP2A1	CAND1
AP2A1	CAP2
AP2A1	CLASP2
AP2A1	CLINT1
AP2A1	CLSTN1
AP2A1	CORO1A
AP2A1	CSDE1
AP2A1	CSPG5
AP2A1	CTNND1
AP2A1	CUL3
AP2A1	DAD1
AP2A1	DLAT
AP2A1	DLG1
AP2A1	DLG3
AP2A1	DLG4
AP2A1	DNAJC6
AP2A1	DNM1
AP2A1	DNM1L
AP2A1	DNM2
AP2A1	DNM3
AP2A1	DPP6
AP2A1	DYNC1I1
AP2A1	EPB41L1
AP2A1	EPB41L3
AP2A1	EPN1
AP2A1	EXOC2
AP2A1	EXOC3
AP2A1	FAM49B
AP2A1	GGT7
AP2A1	GIT1
AP2A1	GNL1
AP2A1	GRIA2
AP2A1	GRIA3
AP2A1	H2AFY
AP2A1	HGS
AP2A1	HK1
AP2A1	HSPA4L
AP2A1	IGSF8
AP2A1	IGSF9B
AP2A1	ILF3
AP2A1	IMMT
AP2A1	IQSEC1
AP2A1	KIF2A
AP2A1	KIF5C
AP2A1	E7EVH7
AP2A1	LETM1
AP2A1	LONP1
AP2A1	LRRC40
AP2A1	MCCC2
AP2A1	MGLL
AP2A1	MROH1
AP2A1	NCKAP1
AP2A1	NECAB2
AP2A1	NLGN2
AP2A1	NSF
AP2A1	NT5C2
AP2A1	OGDH
AP2A1	OGT
AP2A1	PCYOX1
AP2A1	PDCD6IP
AP2A1	PDE1B
AP2A1	PDE2A
AP2A1	PFKP
AP2A1	PIP5K1C
AP2A1	PPP2R1A
AP2A1	PPP2R2A
AP2A1	PPP2R5D
AP2A1	PPP2R5E
AP2A1	PRKCE
AP2A1	PRKCG
AP2A1	PTBP1
AP2A1	RALY
AP2A1	RASA1
AP2A1	RHOT1
AP2A1	RMDN3
AP2A1	SARS2
AP2A1	SIRPA
AP2A1	SLC25A12
AP2A1	SLC25A13
AP2A1	SNAP91
AP2A1	SNX30
AP2A1	SOGA3
AP2A1	STXBP1
AP2A1	SYNPR
AP2A1	SYT1
AP2A1	SYT5
AP2A1	TBC1D17
AP2A1	TNPO3
AP2A1	TOM1
AP2A1	TOM1L2
AP2A1	TOMM70
AP2A1	TPP1
AP2A1	TPRG1L
AP2A1	TRAP1
AP2A1	UGGT1
AP2A1	USP5
AP2A1	VPS35
AP2A1	VPS51
AP2A1	WASF1
AP2A2	AP2B1
AP2A2	AP3B2
AP2A2	APPL1
AP2A2	ARHGAP26
AP2A2	ARHGAP44
AP2A2	ARHGEF2
AP2A2	ARHGEF7
AP2A2	ATAD3A
AP2A2	ATP6V1A
AP2A2	AVL9
AP2A2	CACNA2D1
AP2A2	A0A087WZR6
AP2A2	CADM4
AP2A2	CAMK4
AP2A2	CAND1
AP2A2	CAP2
AP2A2	CLASP2
AP2A2	CLINT1
AP2A2	CLSTN1
AP2A2	CORO1A
AP2A2	CSDE1
AP2A2	CSPG5
AP2A2	CTNND1
AP2A2	CUL3
AP2A2	DAD1
AP2A2	DLAT
AP2A2	DLG1
AP2A2	DLG3
AP2A2	DLG4
AP2A2	DNAJC6
AP2A2	DNM1
AP2A2	DNM1L
AP2A2	DNM2
AP2A2	DNM3
AP2A2	DPP6
AP2A2	DYNC1I1
AP2A2	EPB41L1
AP2A2	EPB41L3
AP2A2	EPN1
AP2A2	EXOC2
AP2A2	EXOC3
AP2A2	FAM49B
AP2A2	GGT7
AP2A2	GIT1
AP2A2	GNL1
AP2A2	GRIA2
AP2A2	GRIA3
AP2A2	H2AFY
AP2A2	HGS
AP2A2	HK1
AP2A2	HSPA4L
AP2A2	IGSF8
AP2A2	IGSF9B
AP2A2	ILF3
AP2A2	IMMT
AP2A2	IQSEC1
AP2A2	KIF2A
AP2A2	KIF5C
AP2A2	E7EVH7
AP2A2	KPNB1
AP2A2	LETM1
AP2A2	LONP1
AP2A2	LRRC40
AP2A2	MCCC2
AP2A2	MGLL
AP2A2	MROH1
AP2A2	NCKAP1
AP2A2	NECAB2
AP2A2	NLGN2
AP2A2	NSF
AP2A2	NT5C2
AP2A2	OGDH
AP2A2	OGT
AP2A2	PCYOX1
AP2A2	PDCD6IP
AP2A2	PDE1B
AP2A2	PDE2A
AP2A2	PFKP
AP2A2	PIP5K1C
AP2A2	PPP2R1A
AP2A2	PPP2R2A
AP2A2	PPP2R5D
AP2A2	PPP2R5E
AP2A2	PRKCE
AP2A2	PRKCG
AP2A2	PTBP1
AP2A2	RALY
AP2A2	RASA1
AP2A2	RHOT1
AP2A2	RMDN3
AP2A2	SARS2
AP2A2	SIRPA
AP2A2	SLC25A12
AP2A2	SLC25A13
AP2A2	SNAP91
AP2A2	SNX30
AP2A2	SOGA3
AP2A2	STXBP1
AP2A2	SYNPR
AP2A2	SYT1
AP2A2	SYT5
AP2A2	TBC1D17
AP2A2	TNPO3
AP2A2	TOM1
AP2A2	TOM1L2
AP2A2	TOMM70
AP2A2	TPP1
AP2A2	TPRG1L
AP2A2	TRAP1
AP2A2	UGGT1
AP2A2	USP5
AP2A2	VPS35
AP2A2	VPS51
AP2A2	WASF1
AP2B1	AP3B2
AP2B1	APPL1
AP2B1	ARHGAP26
AP2B1	ARHGAP44
AP2B1	ARHGEF2
AP2B1	ARHGEF7
AP2B1	ATAD3A
AP2B1	ATP6V1A
AP2B1	AVL9
AP2B1	CACNA2D1
AP2B1	A0A087WZR6
AP2B1	CADM4
AP2B1	CAMK4
AP2B1	CAND1
AP2B1	CAP2
AP2B1	CLASP2
AP2B1	CLINT1
AP2B1	CLSTN1
AP2B1	CORO1A
AP2B1	CSDE1
AP2B1	CSPG5
AP2B1	CTNND1
AP2B1	CUL3
AP2B1	DAD1
AP2B1	DLAT
AP2B1	DLG1
AP2B1	DLG3
AP2B1	DLG4
AP2B1	DNAJC6
AP2B1	DNM1
AP2B1	DNM1L
AP2B1	DNM2
AP2B1	DNM3
AP2B1	DPP6
AP2B1	DYNC1I1
AP2B1	EPB41L1
AP2B1	EPB41L3
AP2B1	EPN1
AP2B1	EXOC2
AP2B1	EXOC3
AP2B1	FAM49B
AP2B1	GGT7
AP2B1	GIT1
AP2B1	GNL1
AP2B1	GRIA2
AP2B1	GRIA3
AP2B1	H2AFY
AP2B1	HGS
AP2B1	HK1
AP2B1	HSPA4L
AP2B1	IGSF8
AP2B1	IGSF9B
AP2B1	ILF3
AP2B1	IMMT
AP2B1	IQSEC1
AP2B1	KIF2A
AP2B1	KIF5C
AP2B1	E7EVH7
AP2B1	KPNB1
AP2B1	LETM1
AP2B1	LONP1
AP2B1	LRRC40
AP2B1	MCCC2
AP2B1	MGLL
AP2B1	MROH1
AP2B1	NCKAP1
AP2B1	NECAB2
AP2B1	NLGN2
AP2B1	NSF
AP2B1	NT5C2
AP2B1	OGDH
AP2B1	OGT
AP2B1	PCYOX1
AP2B1	PDCD6IP
AP2B1	PDE1B
AP2B1	PDE2A
AP2B1	PFKP
AP2B1	PIP5K1C
AP2B1	PPP2R1A
AP2B1	PPP2R2A
AP2B1	PPP2R5D
AP2B1	PPP2R5E
AP2B1	PRKCE
AP2B1	PRKCG
AP2B1	PTBP1
AP2B1	RALY
AP2B1	RASA1
AP2B1	RHOT1
AP2B1	RMDN3
AP2B1	SARS2
AP2B1	SIRPA
AP2B1	SLC25A12
AP2B1	SLC25A13
AP2B1	SNAP91
AP2B1	SNX30
AP2B1	SOGA3
AP2B1	STXBP1
AP2B1	SYNPR
AP2B1	SYT1
AP2B1	SYT5
AP2B1	TBC1D17
AP2B1	TNPO3
AP2B1	TOM1
AP2B1	TOM1L2
AP2B1	TOMM70
AP2B1	TPP1
AP2B1	TPRG1L
AP2B1	TRAP1
AP2B1	UGGT1
AP2B1	USP5
AP2B1	VPS35
AP2B1	VPS51
AP2B1	WASF1
AP3B2	ARHGAP26
AP3B2	ARHGAP44
AP3B2	ARHGEF2
AP3B2	ARHGEF7
AP3B2	ATAD3A
AP3B2	ATP6V1A
AP3B2	AVL9
AP3B2	CACNA2D1
AP3B2	A0A087WZR6
AP3B2	CADM4
AP3B2	CAMK4
AP3B2	CAND1
AP3B2	CAP2
AP3B2	CLASP2
AP3B2	CLINT1
AP3B2	CLSTN1
AP3B2	CORO1A
AP3B2	CSDE1
AP3B2	CSPG5
AP3B2	CTNND1
AP3B2	CUL3
AP3B2	DAD1
AP3B2	DLAT
AP3B2	DLG1
AP3B2	DLG3
AP3B2	DLG4
AP3B2	DNAJC6
AP3B2	DNM1
AP3B2	DNM1L
AP3B2	DNM2
AP3B2	DNM3
AP3B2	DPP6
AP3B2	DYNC1I1
AP3B2	EPB41L1
AP3B2	EPB41L3
AP3B2	EPN1
AP3B2	EXOC2
AP3B2	EXOC3
AP3B2	FAM49B
AP3B2	GGT7
AP3B2	GIT1
AP3B2	GNL1
AP3B2	GRIA2
AP3B2	GRIA3
AP3B2	H2AFY
AP3B2	HGS
AP3B2	HK1
AP3B2	HSPA4L
AP3B2	IGSF8
AP3B2	IGSF9B
AP3B2	ILF3
AP3B2	IMMT
AP3B2	IQSEC1
AP3B2	KIF2A
AP3B2	KIF5C
AP3B2	E7EVH7
AP3B2	LETM1
AP3B2	LONP1
AP3B2	LRRC40
AP3B2	MCCC2
AP3B2	MGLL
AP3B2	MROH1
AP3B2	NCKAP1
AP3B2	NECAB2
AP3B2	NLGN2
AP3B2	NSF
AP3B2	NT5C2
AP3B2	OGDH
AP3B2	OGT
AP3B2	PCYOX1
AP3B2	PDCD6IP
AP3B2	PDE1B
AP3B2	PDE2A
AP3B2	PFKP
AP3B2	PIP5K1C
AP3B2	PPP2R1A
AP3B2	PPP2R2A
AP3B2	PPP2R5D
AP3B2	PPP2R5E
AP3B2	PRKCE
AP3B2	PRKCG
AP3B2	PTBP1
AP3B2	RALY
AP3B2	RASA1
AP3B2	RHOT1
AP3B2	RMDN3
AP3B2	SARS2
AP3B2	SIRPA
AP3B2	SLC25A12
AP3B2	SLC25A13
AP3B2	SNAP91
AP3B2	SNX30
AP3B2	SOGA3
AP3B2	STXBP1
AP3B2	SYNPR
AP3B2	SYT1
AP3B2	SYT5
AP3B2	TBC1D17
AP3B2	TNPO3
AP3B2	TOM1
AP3B2	TOM1L2
AP3B2	TOMM70
AP3B2	TPP1
AP3B2	TPRG1L
AP3B2	TRAP1
AP3B2	UGGT1
AP3B2	USP5
AP3B2	VPS35
AP3B2	VPS51
AP3B2	WASF1
APPL1	ARHGEF7
APPL1	ATP6V1A
APPL1	A0A087WZR6
APPL1	CAND1
APPL1	CAP2
APPL1	CLASP2
APPL1	CLSTN1
APPL1	CORO1A
APPL1	CUL3
APPL1	DNAJC6
APPL1	DNM3
APPL1	DPP6
APPL1	EPN1
APPL1	GIT1
APPL1	GRIA2
APPL1	GRIA3
APPL1	HGS
APPL1	HSPA4L
APPL1	KIF2A
APPL1	KIF5C
APPL1	KPNB1
APPL1	LONP1
APPL1	MCCC2
APPL1	NCKAP1
APPL1	OGDH
APPL1	PDE2A
APPL1	PFKP
APPL1	PRKCG
APPL1	RASA1
APPL1	RHOT1
APPL1	RMDN3
APPL1	SNAP91
APPL1	SPART
APPL1	TBC1D17
APPL1	TOM1
APPL1	USP5
ARHGAP26	ARHGAP44
ARHGAP26	ARHGEF2
ARHGAP26	ARHGEF7
ARHGAP26	ATAD3A
ARHGAP26	ATP6V1A
ARHGAP26	AVL9
ARHGAP26	CACNA2D1
ARHGAP26	A0A087WZR6
ARHGAP26	CADM4
ARHGAP26	CAMK4
ARHGAP26	CAND1
ARHGAP26	CAP2
ARHGAP26	CLASP2
ARHGAP26	CLINT1
ARHGAP26	CLSTN1
ARHGAP26	CORO1A
ARHGAP26	CSPG5
ARHGAP26	CTNND1
ARHGAP26	CUL3
ARHGAP26	DAD1
ARHGAP26	DLAT
ARHGAP26	DLG1
ARHGAP26	DLG3
ARHGAP26	DLG4
ARHGAP26	DNAJC6
ARHGAP26	DNM1
ARHGAP26	DNM1L
ARHGAP26	DNM2
ARHGAP26	DNM3
ARHGAP26	DPP6
ARHGAP26	DYNC1I1
ARHGAP26	EPB41L1
ARHGAP26	EPB41L3
ARHGAP26	EPN1
ARHGAP26	EXOC2
ARHGAP26	EXOC3
ARHGAP26	FAM49B
ARHGAP26	GGT7
ARHGAP26	GIT1
ARHGAP26	GNL1
ARHGAP26	GRIA2
ARHGAP26	GRIA3
ARHGAP26	H2AFY
ARHGAP26	HGS
ARHGAP26	HK1
ARHGAP26	HSPA4L
ARHGAP26	IGSF8
ARHGAP26	IGSF9B
ARHGAP26	ILF3
ARHGAP26	IMMT
ARHGAP26	IQSEC1
ARHGAP26	KIF2A
ARHGAP26	KIF5C
ARHGAP26	E7EVH7
ARHGAP26	LETM1
ARHGAP26	LONP1
ARHGAP26	LRRC40
ARHGAP26	MCCC2
ARHGAP26	MGLL
ARHGAP26	MROH1
ARHGAP26	NCKAP1
ARHGAP26	NECAB2
ARHGAP26	NLGN2
ARHGAP26	NSF
ARHGAP26	NT5C2
ARHGAP26	OGDH
ARHGAP26	OGT
ARHGAP26	PCYOX1
ARHGAP26	PDCD6IP
ARHGAP26	PDE1B
ARHGAP26	PDE2A
ARHGAP26	PFKP
ARHGAP26	PIP5K1C
ARHGAP26	PPP2R1A
ARHGAP26	PPP2R2A
ARHGAP26	PPP2R5D
ARHGAP26	PPP2R5E
ARHGAP26	PRKCE
ARHGAP26	PRKCG
ARHGAP26	PTBP1
ARHGAP26	RALY
ARHGAP26	RASA1
ARHGAP26	RHOT1
ARHGAP26	RMDN3
ARHGAP26	SARS2
ARHGAP26	SIRPA
ARHGAP26	SLC25A12
ARHGAP26	SLC25A13
ARHGAP26	SNAP91
ARHGAP26	SNX30
ARHGAP26	SOGA3
ARHGAP26	STXBP1
ARHGAP26	SYNPR
ARHGAP26	SYT1
ARHGAP26	SYT5
ARHGAP26	TBC1D17
ARHGAP26	TNPO3
ARHGAP26	TOM1
ARHGAP26	TOM1L2
ARHGAP26	TOMM70
ARHGAP26	TPP1
ARHGAP26	TPRG1L
ARHGAP26	TRAP1
ARHGAP26	UGGT1
ARHGAP26	USP5
ARHGAP26	VPS35
ARHGAP26	VPS51
ARHGAP26	WASF1
ARHGAP44	ARHGEF2
ARHGAP44	ARHGEF7
ARHGAP44	ATAD3A
ARHGAP44	AVL9
ARHGAP44	CACNA2D1
ARHGAP44	CADM4
ARHGAP44	CAMK4
ARHGAP44	CAND1
ARHGAP44	CAP2
ARHGAP44	CLASP2
ARHGAP44	CLINT1
ARHGAP44	CORO1A
ARHGAP44	CSPG5
ARHGAP44	CTNND1
ARHGAP44	CUL3
ARHGAP44	DLG3
ARHGAP44	DLG4
ARHGAP44	DNAJC6
ARHGAP44	DNM1
ARHGAP44	DNM1L
ARHGAP44	DNM2
ARHGAP44	DNM3
ARHGAP44	DPP6
ARHGAP44	DYNC1I1
ARHGAP44	EPB41L1
ARHGAP44	EPB41L3
ARHGAP44	EXOC3
ARHGAP44	FAM49B
ARHGAP44	GGT7
ARHGAP44	GIT1
ARHGAP44	GNL1
ARHGAP44	GRIA2
ARHGAP44	GRIA3
ARHGAP44	HGS
ARHGAP44	HK1
ARHGAP44	IGSF9B
ARHGAP44	ILF3
ARHGAP44	IMMT
ARHGAP44	IQSEC1
ARHGAP44	KIF2A
ARHGAP44	KIF5C
ARHGAP44	E7EVH7
ARHGAP44	KPNB1
ARHGAP44	LETM1
ARHGAP44	LONP1
ARHGAP44	LRRC40
ARHGAP44	MGLL
ARHGAP44	NCKAP1
ARHGAP44	NECAB2
ARHGAP44	NLGN2
ARHGAP44	NSF
ARHGAP44	NT5C2
ARHGAP44	OGDH
ARHGAP44	OGT
ARHGAP44	PDE2A
ARHGAP44	PIP5K1C
ARHGAP44	PPP2R1A
ARHGAP44	PPP2R5D
ARHGAP44	PPP2R5E
ARHGAP44	PRKCE
ARHGAP44	PRKCG
ARHGAP44	PTBP1
ARHGAP44	RASA1
ARHGAP44	RHOT1
ARHGAP44	SIRPA
ARHGAP44	SLC25A12
ARHGAP44	SLC25A13
ARHGAP44	SNAP91
ARHGAP44	SNX30
ARHGAP44	SOGA3
ARHGAP44	STXBP1
ARHGAP44	SYNPR
ARHGAP44	SYT1
ARHGAP44	TBC1D17
ARHGAP44	TNPO3
ARHGAP44	TOM1
ARHGAP44	TOMM70
ARHGAP44	TRAP1
ARHGAP44	UGGT1
ARHGAP44	USP5
ARHGAP44	VPS35
ARHGAP44	VPS51
ARHGAP44	WASF1
ARHGEF2	ARHGEF7
ARHGEF2	ATAD3A
ARHGEF2	ATP6V1A
ARHGEF2	AVL9
ARHGEF2	CACNA2D1
ARHGEF2	A0A087WZR6
ARHGEF2	CADM4
ARHGEF2	CAMK4
ARHGEF2	CAND1
ARHGEF2	CAP2
ARHGEF2	CLASP2
ARHGEF2	CLINT1
ARHGEF2	CLSTN1
ARHGEF2	CORO1A
ARHGEF2	CSPG5
ARHGEF2	CTNND1
ARHGEF2	CUL3
ARHGEF2	DAD1
ARHGEF2	DLAT
ARHGEF2	DLG1
ARHGEF2	DLG3
ARHGEF2	DLG4
ARHGEF2	DNAJC6
ARHGEF2	DNM1
ARHGEF2	DNM1L
ARHGEF2	DNM2
ARHGEF2	DNM3
ARHGEF2	DPP6
ARHGEF2	DYNC1I1
ARHGEF2	EPB41L1
ARHGEF2	EPB41L3
ARHGEF2	EPN1
ARHGEF2	EXOC2
ARHGEF2	EXOC3
ARHGEF2	FAM49B
ARHGEF2	GGT7
ARHGEF2	GIT1
ARHGEF2	GNL1
ARHGEF2	GRIA2
ARHGEF2	GRIA3
ARHGEF2	H2AFY
ARHGEF2	HGS
ARHGEF2	HK1
ARHGEF2	HSPA4L
ARHGEF2	IGSF8
ARHGEF2	IGSF9B
ARHGEF2	ILF3
ARHGEF2	IMMT
ARHGEF2	IQSEC1
ARHGEF2	KIF2A
ARHGEF2	KIF5C
ARHGEF2	E7EVH7
ARHGEF2	LETM1
ARHGEF2	LONP1
ARHGEF2	LRRC40
ARHGEF2	MCCC2
ARHGEF2	MGLL
ARHGEF2	MROH1
ARHGEF2	NCKAP1
ARHGEF2	NECAB2
ARHGEF2	NLGN2
ARHGEF2	NSF
ARHGEF2	NT5C2
ARHGEF2	OGDH
ARHGEF2	OGT
ARHGEF2	PCYOX1
ARHGEF2	PDCD6IP
ARHGEF2	PDE1B
ARHGEF2	PDE2A
ARHGEF2	PFKP
ARHGEF2	PIP5K1C
ARHGEF2	PPP2R1A
ARHGEF2	PPP2R2A
ARHGEF2	PPP2R5D
ARHGEF2	PPP2R5E
ARHGEF2	PRKCE
ARHGEF2	PRKCG
ARHGEF2	PTBP1
ARHGEF2	RALY
ARHGEF2	RASA1
ARHGEF2	RHOT1
ARHGEF2	RMDN3
ARHGEF2	SARS2
ARHGEF2	SIRPA
ARHGEF2	SLC25A12
ARHGEF2	SLC25A13
ARHGEF2	SNAP91
ARHGEF2	SNX30
ARHGEF2	SOGA3
ARHGEF2	STXBP1
ARHGEF2	SYNPR
ARHGEF2	SYT1
ARHGEF2	SYT5
ARHGEF2	TBC1D17
ARHGEF2	TNPO3
ARHGEF2	TOM1
ARHGEF2	TOM1L2
ARHGEF2	TOMM70
ARHGEF2	TPP1
ARHGEF2	TPRG1L
ARHGEF2	TRAP1
ARHGEF2	UGGT1
ARHGEF2	USP5
ARHGEF2	VPS35
ARHGEF2	VPS51
ARHGEF2	WASF1
ARHGEF7	ATAD3A
ARHGEF7	ATP6V1A
ARHGEF7	AVL9
ARHGEF7	CACNA2D1
ARHGEF7	A0A087WZR6
ARHGEF7	CADM4
ARHGEF7	CAMK4
ARHGEF7	CAND1
ARHGEF7	CAP2
ARHGEF7	CLASP2
ARHGEF7	CLINT1
ARHGEF7	CLSTN1
ARHGEF7	CORO1A
ARHGEF7	CSDE1
ARHGEF7	CSPG5
ARHGEF7	CTNND1
ARHGEF7	CUL3
ARHGEF7	DAD1
ARHGEF7	DLAT
ARHGEF7	DLG3
ARHGEF7	DLG4
ARHGEF7	DNAJC6
ARHGEF7	DNM1
ARHGEF7	DNM1L
ARHGEF7	DNM2
ARHGEF7	DNM3
ARHGEF7	DPP6
ARHGEF7	DYNC1I1
ARHGEF7	EPB41L1
ARHGEF7	EPB41L3
ARHGEF7	EPN1
ARHGEF7	EXOC2
ARHGEF7	EXOC3
ARHGEF7	FAM49B
ARHGEF7	GGT7
ARHGEF7	GIT1
ARHGEF7	GNL1
ARHGEF7	GRIA2
ARHGEF7	GRIA3
ARHGEF7	H2AFY
ARHGEF7	HGS
ARHGEF7	HK1
ARHGEF7	HSPA4L
ARHGEF7	IGSF8
ARHGEF7	IGSF9B
ARHGEF7	ILF3
ARHGEF7	IMMT
ARHGEF7	IQSEC1
ARHGEF7	KIF2A
ARHGEF7	KIF5C
ARHGEF7	E7EVH7
ARHGEF7	KPNB1
ARHGEF7	LETM1
ARHGEF7	LONP1
ARHGEF7	LRRC40
ARHGEF7	MCCC2
ARHGEF7	MGLL
ARHGEF7	NCKAP1
ARHGEF7	NECAB2
ARHGEF7	NLGN2
ARHGEF7	NSF
ARHGEF7	NT5C2
ARHGEF7	OGDH
ARHGEF7	OGT
ARHGEF7	PCYOX1
ARHGEF7	PDCD6IP
ARHGEF7	PDE1B
ARHGEF7	PDE2A
ARHGEF7	PFKP
ARHGEF7	PIP5K1C
ARHGEF7	PPP2R1A
ARHGEF7	PPP2R2A
ARHGEF7	PPP2R5D
ARHGEF7	PPP2R5E
ARHGEF7	PRKCE
ARHGEF7	PRKCG
ARHGEF7	PTBP1
ARHGEF7	RALY
ARHGEF7	RASA1
ARHGEF7	RHOT1
ARHGEF7	RMDN3
ARHGEF7	SARS2
ARHGEF7	SIRPA
ARHGEF7	SLC25A12
ARHGEF7	SLC25A13
ARHGEF7	SNAP91
ARHGEF7	SNX30
ARHGEF7	SOGA3
ARHGEF7	STXBP1
ARHGEF7	SYNPR
ARHGEF7	SYT1
ARHGEF7	SYT5
ARHGEF7	TBC1D17
ARHGEF7	TNPO3
ARHGEF7	TOM1
ARHGEF7	TOMM70
ARHGEF7	TPRG1L
ARHGEF7	TRAP1
ARHGEF7	UGGT1
ARHGEF7	USP5
ARHGEF7	VPS35
ARHGEF7	VPS51
ARHGEF7	WASF1
ATAD3A	CACNA2D1
ATAD3A	CADM4
ATAD3A	CAMK4
ATAD3A	CLASP2
ATAD3A	CLINT1
ATAD3A	CSPG5
ATAD3A	CUL3
ATAD3A	DLAT
ATAD3A	DLG3
ATAD3A	DLG4
ATAD3A	DNAJC6
ATAD3A	DNM1
ATAD3A	DNM1L
ATAD3A	DNM2
ATAD3A	DNM3
ATAD3A	DPP6
ATAD3A	EPB41L3
ATAD3A	EXOC3
ATAD3A	GGT7
ATAD3A	GIT1
ATAD3A	GNL1
ATAD3A	GRIA2
ATAD3A	GRIA3
ATAD3A	HK1
ATAD3A	IGSF9B
ATAD3A	IMMT
ATAD3A	IQSEC1
ATAD3A	KIF2A
ATAD3A	KIF5C
ATAD3A	E7EVH7
ATAD3A	LETM1
ATAD3A	LONP1
ATAD3A	LRRC40
ATAD3A	MGLL
ATAD3A	NCKAP1
ATAD3A	NLGN2
ATAD3A	NSF
ATAD3A	NT5C2
ATAD3A	OGDH
ATAD3A	OGT
ATAD3A	PDCD6IP
ATAD3A	PDE2A
ATAD3A	PFKP
ATAD3A	PIP5K1C
ATAD3A	PPP2R1A
ATAD3A	PPP2R5D
ATAD3A	PPP2R5E
ATAD3A	PRKCE
ATAD3A	PRKCG
ATAD3A	PTBP1
ATAD3A	RHOT1
ATAD3A	SLC25A12
ATAD3A	SLC25A13
ATAD3A	SNAP91
ATAD3A	SNX30
ATAD3A	SOGA3
ATAD3A	STXBP1
ATAD3A	SYNPR
ATAD3A	SYT1
ATAD3A	SYT5
ATAD3A	TOMM70
ATAD3A	TPRG1L
ATAD3A	USP5
ATAD3A	VPS35
ATAD3A	WASF1
ATP6V1A	AVL9
ATP6V1A	CACNA2D1
ATP6V1A	A0A087WZR6
ATP6V1A	CAMK4
ATP6V1A	CAP2
ATP6V1A	CLASP2
ATP6V1A	CLSTN1
ATP6V1A	CORO1A
ATP6V1A	CSPG5
ATP6V1A	DAD1
ATP6V1A	DLAT
ATP6V1A	DLG1
ATP6V1A	DLG4
ATP6V1A	DNAJC6
ATP6V1A	DNM1
ATP6V1A	DNM1L
ATP6V1A	DNM2
ATP6V1A	DNM3
ATP6V1A	DPP6
ATP6V1A	DYNC1I1
ATP6V1A	EPB41L1
ATP6V1A	EPB41L3
ATP6V1A	EPN1
ATP6V1A	FAM49B
ATP6V1A	GIT1
ATP6V1A	GRIA2
ATP6V1A	GRIA3
ATP6V1A	H2AFY
ATP6V1A	HGS
ATP6V1A	HK1
ATP6V1A	HSPA4L
ATP6V1A	IGSF8
ATP6V1A	IGSF9B
ATP6V1A	IMMT
ATP6V1A	IQSEC1
ATP6V1A	KIF5C
ATP6V1A	E7EVH7
ATP6V1A	LETM1
ATP6V1A	MCCC2
ATP6V1A	MGLL
ATP6V1A	NCKAP1
ATP6V1A	NECAB2
ATP6V1A	NSF
ATP6V1A	NT5C2
ATP6V1A	OGDH
ATP6V1A	PCYOX1
ATP6V1A	PDCD6IP
ATP6V1A	PDE1B
ATP6V1A	PDE2A
ATP6V1A	PFKP
ATP6V1A	PIP5K1C
ATP6V1A	PPP2R1A
ATP6V1A	PPP2R2A
ATP6V1A	PPP2R5E
ATP6V1A	PRKCE
ATP6V1A	PRKCG
ATP6V1A	PTBP1
ATP6V1A	RALY
ATP6V1A	RASA1
ATP6V1A	RMDN3
ATP6V1A	SARS2
ATP6V1A	SIRPA
ATP6V1A	SLC25A12
ATP6V1A	SLC25A13
ATP6V1A	SNAP91
ATP6V1A	SNX30
ATP6V1A	SOGA3
ATP6V1A	STXBP1
ATP6V1A	SYT1
ATP6V1A	SYT5
ATP6V1A	TOM1
ATP6V1A	TOM1L2
ATP6V1A	TOMM70
ATP6V1A	TPP1
ATP6V1A	TPRG1L
ATP6V1A	TRAP1
ATP6V1A	USP5
ATP6V1A	VPS35
ATP6V1A	WASF1
AVL9	CACNA2D1
AVL9	A0A087WZR6
AVL9	CADM4
AVL9	CAMK4
AVL9	CAND1
AVL9	CAP2
AVL9	CLASP2
AVL9	CLINT1
AVL9	CLSTN1
AVL9	CORO1A
AVL9	CSDE1
AVL9	CSPG5
AVL9	CUL3
AVL9	DLAT
AVL9	DLG4
AVL9	DNAJC6
AVL9	DNM1
AVL9	DNM1L
AVL9	DNM2
AVL9	DNM3
AVL9	DPP6
AVL9	DYNC1I1
AVL9	EPB41L1
AVL9	EPB41L3
AVL9	EPN1
AVL9	FAM49B
AVL9	GGT7
AVL9	GIT1
AVL9	GNL1
AVL9	GRIA2
AVL9	GRIA3
AVL9	H2AFY
AVL9	HGS
AVL9	HK1
AVL9	HSPA4L
AVL9	IGSF8
AVL9	IGSF9B
AVL9	ILF3
AVL9	IMMT
AVL9	IQSEC1
AVL9	KIF2A
AVL9	KIF5C
AVL9	LETM1
AVL9	LONP1
AVL9	MGLL
AVL9	MROH1
AVL9	NCKAP1
AVL9	NECAB2
AVL9	NLGN2
AVL9	NSF
AVL9	NT5C2
AVL9	OGDH
AVL9	OGT
AVL9	PCYOX1
AVL9	PDE1B
AVL9	PDE2A
AVL9	PFKP
AVL9	PIP5K1C
AVL9	PPP2R1A
AVL9	PPP2R2A
AVL9	PPP2R5D
AVL9	PPP2R5E
AVL9	PRKCE
AVL9	PRKCG
AVL9	PTBP1
AVL9	RALY
AVL9	RASA1
AVL9	RHOT1
AVL9	RMDN3
AVL9	SIRPA
AVL9	SLC25A12
AVL9	SLC25A13
AVL9	SNAP91
AVL9	SNX30
AVL9	SOGA3
AVL9	STXBP1
AVL9	SYNPR
AVL9	SYT1
AVL9	SYT5
AVL9	TBC1D17
AVL9	TOM1
AVL9	TOMM70
AVL9	TPRG1L
AVL9	TRAP1
AVL9	USP5
AVL9	VPS35
AVL9	WASF1
DGLUCY	CSDE1
DGLUCY	ILF3
DGLUCY	KIF2A
DGLUCY	NCKAP1
DGLUCY	NLGN2
DGLUCY	TBC1D17
DGLUCY	TRAP1
CACNA2D1	A0A087WZR6
CACNA2D1	CADM4
CACNA2D1	CAMK4
CACNA2D1	CAND1
CACNA2D1	CAP2
CACNA2D1	CLASP2
CACNA2D1	CLINT1
CACNA2D1	CLSTN1
CACNA2D1	CORO1A
CACNA2D1	CSDE1
CACNA2D1	CSPG5
CACNA2D1	CUL3
CACNA2D1	DAD1
CACNA2D1	DLAT
CACNA2D1	DLG3
CACNA2D1	DLG4
CACNA2D1	DNAJC6
CACNA2D1	DNM1
CACNA2D1	DNM1L
CACNA2D1	DNM2
CACNA2D1	DNM3
CACNA2D1	DPP6
CACNA2D1	DYNC1I1
CACNA2D1	EPB41L1
CACNA2D1	EPB41L3
CACNA2D1	EPN1
CACNA2D1	EXOC3
CACNA2D1	FAM49B
CACNA2D1	GGT7
CACNA2D1	GIT1
CACNA2D1	GNL1
CACNA2D1	GRIA2
CACNA2D1	GRIA3
CACNA2D1	H2AFY
CACNA2D1	HGS
CACNA2D1	HK1
CACNA2D1	HSPA4L
CACNA2D1	IGSF8
CACNA2D1	IGSF9B
CACNA2D1	ILF3
CACNA2D1	IMMT
CACNA2D1	IQSEC1
CACNA2D1	KIF2A
CACNA2D1	KIF5C
CACNA2D1	E7EVH7
CACNA2D1	LETM1
CACNA2D1	LONP1
CACNA2D1	LRRC40
CACNA2D1	MGLL
CACNA2D1	NCKAP1
CACNA2D1	NECAB2
CACNA2D1	NLGN2
CACNA2D1	NSF
CACNA2D1	NT5C2
CACNA2D1	OGDH
CACNA2D1	OGT
CACNA2D1	PCYOX1
CACNA2D1	PDCD6IP
CACNA2D1	PDE1B
CACNA2D1	PDE2A
CACNA2D1	PFKP
CACNA2D1	PIP5K1C
CACNA2D1	PPP2R1A
CACNA2D1	PPP2R2A
CACNA2D1	PPP2R5D
CACNA2D1	PPP2R5E
CACNA2D1	PRKCE
CACNA2D1	PRKCG
CACNA2D1	PTBP1
CACNA2D1	RALY
CACNA2D1	RASA1
CACNA2D1	RHOT1
CACNA2D1	RMDN3
CACNA2D1	SARS2
CACNA2D1	SIRPA
CACNA2D1	SLC25A12
CACNA2D1	SLC25A13
CACNA2D1	SNAP91
CACNA2D1	SNX30
CACNA2D1	SOGA3
CACNA2D1	STXBP1
CACNA2D1	SYNPR
CACNA2D1	SYT1
CACNA2D1	SYT5
CACNA2D1	TBC1D17
CACNA2D1	TNPO3
CACNA2D1	TOM1
CACNA2D1	TOM1L2
CACNA2D1	TOMM70
CACNA2D1	TPP1
CACNA2D1	TPRG1L
CACNA2D1	TRAP1
CACNA2D1	UGGT1
CACNA2D1	USP5
CACNA2D1	VPS35
CACNA2D1	VPS51
CACNA2D1	WASF1
A0A087WZR6	CAMK4
A0A087WZR6	CAND1
A0A087WZR6	CAP2
A0A087WZR6	CLASP2
A0A087WZR6	CLSTN1
A0A087WZR6	CORO1A
A0A087WZR6	CSDE1
A0A087WZR6	CSPG5
A0A087WZR6	CUL3
A0A087WZR6	DLAT
A0A087WZR6	DLG4
A0A087WZR6	DNAJC6
A0A087WZR6	DNM1
A0A087WZR6	DNM1L
A0A087WZR6	DNM2
A0A087WZR6	DNM3
A0A087WZR6	DPP6
A0A087WZR6	EPB41L1
A0A087WZR6	EPB41L3
A0A087WZR6	EPN1
A0A087WZR6	GIT1
A0A087WZR6	GRIA2
A0A087WZR6	GRIA3
A0A087WZR6	H2AFY
A0A087WZR6	HGS
A0A087WZR6	HK1
A0A087WZR6	HSPA4L
A0A087WZR6	IGSF8
A0A087WZR6	IGSF9B
A0A087WZR6	ILF3
A0A087WZR6	IMMT
A0A087WZR6	IQSEC1
A0A087WZR6	KIF2A
A0A087WZR6	KIF5C
A0A087WZR6	E7EVH7
A0A087WZR6	KPNB1
A0A087WZR6	LETM1
A0A087WZR6	LONP1
A0A087WZR6	LRRC40
A0A087WZR6	MCCC2
A0A087WZR6	MGLL
A0A087WZR6	NCKAP1
A0A087WZR6	NECAB2
A0A087WZR6	NLGN2
A0A087WZR6	NSF
A0A087WZR6	NT5C2
A0A087WZR6	OGDH
A0A087WZR6	OGT
A0A087WZR6	PDCD6IP
A0A087WZR6	PDE1B
A0A087WZR6	PDE2A
A0A087WZR6	PFKP
A0A087WZR6	PIP5K1C
A0A087WZR6	PPP2R1A
A0A087WZR6	PRKCE
A0A087WZR6	PRKCG
A0A087WZR6	RALY
A0A087WZR6	RASA1
A0A087WZR6	RHOT1
A0A087WZR6	SLC25A12
A0A087WZR6	SLC25A13
A0A087WZR6	SNAP91
A0A087WZR6	SNX30
A0A087WZR6	SOGA3
A0A087WZR6	STXBP1
A0A087WZR6	SYT1
A0A087WZR6	SYT5
A0A087WZR6	TOMM70
A0A087WZR6	TRAP1
A0A087WZR6	USP5
A0A087WZR6	VPS35
A0A087WZR6	WASF1
CADM4	CAMK4
CADM4	CLASP2
CADM4	CLSTN1
CADM4	CSPG5
CADM4	DLAT
CADM4	DLG3
CADM4	DLG4
CADM4	DNAJC6
CADM4	DNM1
CADM4	DNM1L
CADM4	DNM3
CADM4	DPP6
CADM4	EPB41L1
CADM4	EPB41L3
CADM4	FAM49B
CADM4	GGT7
CADM4	GIT1
CADM4	GNL1
CADM4	GRIA2
CADM4	GRIA3
CADM4	HK1
CADM4	HSPA4L
CADM4	IGSF9B
CADM4	IMMT
CADM4	IQSEC1
CADM4	KIF5C
CADM4	LETM1
CADM4	MGLL
CADM4	MROH1
CADM4	NCKAP1
CADM4	NSF
CADM4	NT5C2
CADM4	OGDH
CADM4	PDE2A
CADM4	PFKP
CADM4	PIP5K1C
CADM4	PPP2R5E
CADM4	PRKCE
CADM4	PRKCG
CADM4	PTBP1
CADM4	RASA1
CADM4	SLC25A12
CADM4	SLC25A13
CADM4	SNAP91
CADM4	SNX30
CADM4	SOGA3
CADM4	STXBP1
CADM4	SYNPR
CADM4	SYT1
CADM4	TOMM70
CADM4	TPP1
CADM4	TPRG1L
CADM4	WASF1
CAMK4	CAP2
CAMK4	CLASP2
CAMK4	CLINT1
CAMK4	CLSTN1
CAMK4	CORO1A
CAMK4	CSPG5
CAMK4	DAD1
CAMK4	DLAT
CAMK4	DLG1
CAMK4	DLG3
CAMK4	DLG4
CAMK4	DNAJC6
CAMK4	DNM1
CAMK4	DNM1L
CAMK4	DNM2
CAMK4	DNM3
CAMK4	DPP6
CAMK4	DYNC1I1
CAMK4	EPB41L1
CAMK4	EPB41L3
CAMK4	EPN1
CAMK4	EXOC2
CAMK4	FAM49B
CAMK4	GGT7
CAMK4	GIT1
CAMK4	GNL1
CAMK4	GRIA2
CAMK4	GRIA3
CAMK4	H2AFY
CAMK4	HGS
CAMK4	HK1
CAMK4	HSPA4L
CAMK4	IGSF8
CAMK4	IGSF9B
CAMK4	ILF3
CAMK4	IMMT
CAMK4	IQSEC1
CAMK4	KIF5C
CAMK4	E7EVH7
CAMK4	LETM1
CAMK4	MCCC2
CAMK4	MGLL
CAMK4	NCKAP1
CAMK4	NECAB2
CAMK4	NSF
CAMK4	NT5C2
CAMK4	OGDH
CAMK4	PCYOX1
CAMK4	PDE2A
CAMK4	PFKP
CAMK4	PIP5K1C
CAMK4	PPP2R1A
CAMK4	PPP2R2A
CAMK4	PPP2R5D
CAMK4	PPP2R5E
CAMK4	PRKCE
CAMK4	PRKCG
CAMK4	PTBP1
CAMK4	RALY
CAMK4	RASA1
CAMK4	RHOT1
CAMK4	RMDN3
CAMK4	SARS2
CAMK4	SIRPA
CAMK4	SLC25A12
CAMK4	SLC25A13
CAMK4	SNAP91
CAMK4	SNX30
CAMK4	SOGA3
CAMK4	STXBP1
CAMK4	SYNPR
CAMK4	SYT1
CAMK4	SYT5
CAMK4	TOM1L2
CAMK4	TOMM70
CAMK4	TPP1
CAMK4	TPRG1L
CAMK4	USP5
CAMK4	VPS51
CAMK4	WASF1
CAND1	CAP2
CAND1	CLASP2
CAND1	CORO1A
CAND1	CSDE1
CAND1	CUL3
CAND1	DLG4
CAND1	DNAJC6
CAND1	DNM1
CAND1	DNM3
CAND1	DPP6
CAND1	EPB41L1
CAND1	EXOC2
CAND1	EXOC3
CAND1	GIT1
CAND1	GNL1
CAND1	GRIA2
CAND1	GRIA3
CAND1	HGS
CAND1	IMMT
CAND1	IQSEC1
CAND1	KIF2A
CAND1	KIF5C
CAND1	KPNB1
CAND1	LETM1
CAND1	LONP1
CAND1	LRRC40
CAND1	NCKAP1
CAND1	NECAB2
CAND1	NLGN2
CAND1	NSF
CAND1	OGDH
CAND1	OGT
CAND1	PCYOX1
CAND1	PDE2A
CAND1	PIP5K1C
CAND1	PPP2R1A
CAND1	PRKCG
CAND1	RASA1
CAND1	RHOT1
CAND1	SNAP91
CAND1	TBC1D17
CAND1	TNPO3
CAND1	TOMM70
CAND1	TRAP1
CAND1	UGGT1
CAND1	USP5
CAND1	VPS35
CAP2	CLASP2
CAP2	CLINT1
CAP2	CLSTN1
CAP2	CORO1A
CAP2	CSDE1
CAP2	CSPG5
CAP2	CUL3
CAP2	DLAT
CAP2	DLG3
CAP2	DLG4
CAP2	DNAJC6
CAP2	DNM1
CAP2	DNM1L
CAP2	DNM2
CAP2	DNM3
CAP2	DPP6
CAP2	DYNC1I1
CAP2	EPB41L1
CAP2	EPB41L3
CAP2	EPN1
CAP2	EXOC3
CAP2	FAM49B
CAP2	GGT7
CAP2	GIT1
CAP2	GNL1
CAP2	GRIA2
CAP2	GRIA3
CAP2	H2AFY
CAP2	HGS
CAP2	HK1
CAP2	HSPA4L
CAP2	IGSF8
CAP2	IGSF9B
CAP2	ILF3
CAP2	IMMT
CAP2	IQSEC1
CAP2	KIF2A
CAP2	KIF5C
CAP2	E7EVH7
CAP2	LETM1
CAP2	LONP1
CAP2	LRRC40
CAP2	MGLL
CAP2	NCKAP1
CAP2	NECAB2
CAP2	NLGN2
CAP2	NSF
CAP2	NT5C2
CAP2	OGDH
CAP2	OGT
CAP2	PCYOX1
CAP2	PDCD6IP
CAP2	PDE1B
CAP2	PDE2A
CAP2	PFKP
CAP2	PIP5K1C
CAP2	PPP2R1A
CAP2	PPP2R2A
CAP2	PPP2R5E
CAP2	PRKCE
CAP2	PRKCG
CAP2	PTBP1
CAP2	RALY
CAP2	RASA1
CAP2	RHOT1
CAP2	RMDN3
CAP2	SARS2
CAP2	SIRPA
CAP2	SLC25A12
CAP2	SLC25A13
CAP2	SNAP91
CAP2	SNX30
CAP2	SOGA3
CAP2	STXBP1
CAP2	SYNPR
CAP2	SYT1
CAP2	SYT5
CAP2	TBC1D17
CAP2	TOM1
CAP2	TOM1L2
CAP2	TOMM70
CAP2	TPP1
CAP2	TPRG1L
CAP2	TRAP1
CAP2	UGGT1
CAP2	USP5
CAP2	VPS51
CAP2	WASF1
CLASP2	CLINT1
CLASP2	CLSTN1
CLASP2	CORO1A
CLASP2	CSDE1
CLASP2	CSPG5
CLASP2	CTNND1
CLASP2	CUL3
CLASP2	DAD1
CLASP2	DLAT
CLASP2	DLG1
CLASP2	DLG3
CLASP2	DLG4
CLASP2	DNAJC6
CLASP2	DNM1
CLASP2	DNM1L
CLASP2	DNM2
CLASP2	DNM3
CLASP2	DPP6
CLASP2	DYNC1I1
CLASP2	EPB41L1
CLASP2	EPB41L3
CLASP2	EPN1
CLASP2	EXOC2
CLASP2	EXOC3
CLASP2	FAM49B
CLASP2	GGT7
CLASP2	GIT1
CLASP2	GNL1
CLASP2	GRIA2
CLASP2	GRIA3
CLASP2	H2AFY
CLASP2	HGS
CLASP2	HK1
CLASP2	HSPA4L
CLASP2	IGSF8
CLASP2	IGSF9B
CLASP2	ILF3
CLASP2	IMMT
CLASP2	IQSEC1
CLASP2	KIF2A
CLASP2	KIF5C
CLASP2	E7EVH7
CLASP2	KPNB1
CLASP2	LETM1
CLASP2	LONP1
CLASP2	LRRC40
CLASP2	MCCC2
CLASP2	MGLL
CLASP2	MROH1
CLASP2	NCKAP1
CLASP2	NECAB2
CLASP2	NLGN2
CLASP2	NSF
CLASP2	NT5C2
CLASP2	OGDH
CLASP2	OGT
CLASP2	PCYOX1
CLASP2	PDCD6IP
CLASP2	PDE1B
CLASP2	PDE2A
CLASP2	PFKP
CLASP2	PIP5K1C
CLASP2	PPP2R1A
CLASP2	PPP2R2A
CLASP2	PPP2R5D
CLASP2	PPP2R5E
CLASP2	PRKCE
CLASP2	PRKCG
CLASP2	PTBP1
CLASP2	RALY
CLASP2	RASA1
CLASP2	RHOT1
CLASP2	RMDN3
CLASP2	SARS2
CLASP2	SIRPA
CLASP2	SLC25A12
CLASP2	SLC25A13
CLASP2	SNAP91
CLASP2	SNX30
CLASP2	SOGA3
CLASP2	STXBP1
CLASP2	SYNPR
CLASP2	SYT1
CLASP2	SYT5
CLASP2	TBC1D17
CLASP2	TNPO3
CLASP2	TOM1
CLASP2	TOM1L2
CLASP2	TOMM70
CLASP2	TPP1
CLASP2	TPRG1L
CLASP2	TRAP1
CLASP2	UGGT1
CLASP2	USP5
CLASP2	VPS35
CLASP2	VPS51
CLASP2	WASF1
CLINT1	CORO1A
CLINT1	CSPG5
CLINT1	CUL3
CLINT1	DLAT
CLINT1	DLG3
CLINT1	DLG4
CLINT1	DNAJC6
CLINT1	DNM1
CLINT1	DNM1L
CLINT1	DNM2
CLINT1	DNM3
CLINT1	DPP6
CLINT1	DYNC1I1
CLINT1	EPB41L1
CLINT1	EPB41L3
CLINT1	EPN1
CLINT1	FAM49B
CLINT1	GGT7
CLINT1	GIT1
CLINT1	GNL1
CLINT1	GRIA2
CLINT1	GRIA3
CLINT1	HGS
CLINT1	HK1
CLINT1	IGSF9B
CLINT1	IMMT
CLINT1	IQSEC1
CLINT1	KIF5C
CLINT1	E7EVH7
CLINT1	LETM1
CLINT1	MCCC2
CLINT1	MGLL
CLINT1	NCKAP1
CLINT1	NECAB2
CLINT1	NSF
CLINT1	NT5C2
CLINT1	OGDH
CLINT1	OGT
CLINT1	PCYOX1
CLINT1	PDE2A
CLINT1	PIP5K1C
CLINT1	PPP2R1A
CLINT1	PPP2R5D
CLINT1	PPP2R5E
CLINT1	PRKCE
CLINT1	PRKCG
CLINT1	PTBP1
CLINT1	RASA1
CLINT1	RHOT1
CLINT1	SIRPA
CLINT1	SLC25A12
CLINT1	SNAP91
CLINT1	SNX30
CLINT1	SOGA3
CLINT1	STXBP1
CLINT1	SYNPR
CLINT1	SYT1
CLINT1	SYT5
CLINT1	TOM1L2
CLINT1	TOMM70
CLINT1	TPRG1L
CLINT1	VPS51
CLINT1	WASF1
CLSTN1	CORO1A
CLSTN1	CSPG5
CLSTN1	CUL3
CLSTN1	DAD1
CLSTN1	DLAT
CLSTN1	DLG1
CLSTN1	DLG4
CLSTN1	DNAJC6
CLSTN1	DNM1
CLSTN1	DNM1L
CLSTN1	DNM2
CLSTN1	DNM3
CLSTN1	DPP6
CLSTN1	DYNC1I1
CLSTN1	EPB41L1
CLSTN1	EPB41L3
CLSTN1	EPN1
CLSTN1	FAM49B
CLSTN1	GIT1
CLSTN1	GNL1
CLSTN1	GRIA2
CLSTN1	GRIA3
CLSTN1	H2AFY
CLSTN1	HGS
CLSTN1	HK1
CLSTN1	HSPA4L
CLSTN1	IGSF8
CLSTN1	IGSF9B
CLSTN1	ILF3
CLSTN1	IMMT
CLSTN1	IQSEC1
CLSTN1	KIF5C
CLSTN1	LETM1
CLSTN1	LONP1
CLSTN1	MCCC2
CLSTN1	MGLL
CLSTN1	NCKAP1
CLSTN1	NECAB2
CLSTN1	NSF
CLSTN1	NT5C2
CLSTN1	OGDH
CLSTN1	OGT
CLSTN1	PCYOX1
CLSTN1	PDCD6IP
CLSTN1	PDE1B
CLSTN1	PDE2A
CLSTN1	PFKP
CLSTN1	PIP5K1C
CLSTN1	PPP2R1A
CLSTN1	PPP2R2A
CLSTN1	PPP2R5E
CLSTN1	PRKCE
CLSTN1	PRKCG
CLSTN1	PTBP1
CLSTN1	RALY
CLSTN1	RASA1
CLSTN1	RHOT1
CLSTN1	RMDN3
CLSTN1	SARS2
CLSTN1	SIRPA
CLSTN1	SLC25A12
CLSTN1	SLC25A13
CLSTN1	SNAP91
CLSTN1	SNX30
CLSTN1	SOGA3
CLSTN1	STXBP1
CLSTN1	SYNPR
CLSTN1	SYT1
CLSTN1	SYT5
CLSTN1	TOM1
CLSTN1	TOM1L2
CLSTN1	TOMM70
CLSTN1	TPP1
CLSTN1	TPRG1L
CLSTN1	TRAP1
CLSTN1	USP5
CORO1A	CSPG5
CORO1A	CUL3
CORO1A	DLAT
CORO1A	DLG3
CORO1A	DLG4
CORO1A	DNAJC6
CORO1A	DNM1
CORO1A	DNM1L
CORO1A	DNM2
CORO1A	DNM3
CORO1A	DPP6
CORO1A	DYNC1I1
CORO1A	EPB41L1
CORO1A	EPB41L3
CORO1A	EPN1
CORO1A	FAM49B
CORO1A	GIT1
CORO1A	GNL1
CORO1A	GRIA2
CORO1A	GRIA3
CORO1A	HGS
CORO1A	HK1
CORO1A	IGSF9B
CORO1A	ILF3
CORO1A	IMMT
CORO1A	IQSEC1
CORO1A	KIF5C
CORO1A	E7EVH7
CORO1A	LETM1
CORO1A	MGLL
CORO1A	NCKAP1
CORO1A	NECAB2
CORO1A	NLGN2
CORO1A	NSF
CORO1A	NT5C2
CORO1A	OGDH
CORO1A	OGT
CORO1A	PCYOX1
CORO1A	PDCD6IP
CORO1A	PDE2A
CORO1A	PFKP
CORO1A	PIP5K1C
CORO1A	PPP2R1A
CORO1A	PPP2R2A
CORO1A	PPP2R5E
CORO1A	PRKCE
CORO1A	PRKCG
CORO1A	PTBP1
CORO1A	RASA1
CORO1A	RHOT1
CORO1A	RMDN3
CORO1A	SARS2
CORO1A	SIRPA
CORO1A	SLC25A12
CORO1A	SNAP91
CORO1A	SNX30
CORO1A	SOGA3
CORO1A	STXBP1
CORO1A	SYNPR
CORO1A	SYT1
CORO1A	SYT5
CORO1A	TOM1
CORO1A	TOM1L2
CORO1A	TOMM70
CORO1A	TPP1
CORO1A	TPRG1L
CORO1A	WASF1
CSDE1	CUL3
CSDE1	DNAJC6
CSDE1	DNM1
CSDE1	DNM3
CSDE1	DPP6
CSDE1	DYNC1I1
CSDE1	EPB41L1
CSDE1	EXOC3
CSDE1	GIT1
CSDE1	GNL1
CSDE1	GRIA2
CSDE1	GRIA3
CSDE1	ILF3
CSDE1	IMMT
CSDE1	IQSEC1
CSDE1	KIF2A
CSDE1	KIF5C
CSDE1	KPNB1
CSDE1	LONP1
CSDE1	LRRC40
CSDE1	NCKAP1
CSDE1	NLGN2
CSDE1	NSF
CSDE1	OGDH
CSDE1	OGT
CSDE1	PDE2A
CSDE1	PPP2R1A
CSDE1	PRKCG
CSDE1	RASA1
CSDE1	RHOT1
CSDE1	SNAP91
CSDE1	TBC1D17
CSDE1	TNPO3
CSDE1	TOMM70
CSDE1	TRAP1
CSDE1	UGGT1
CSDE1	USP5
CSPG5	CTNND1
CSPG5	CUL3
CSPG5	DAD1
CSPG5	DLAT
CSPG5	DLG1
CSPG5	DLG3
CSPG5	DLG4
CSPG5	DNAJC6
CSPG5	DNM1
CSPG5	DNM1L
CSPG5	DNM2
CSPG5	DNM3
CSPG5	DPP6
CSPG5	EPB41L1
CSPG5	EPB41L3
CSPG5	FAM49B
CSPG5	GGT7
CSPG5	GIT1
CSPG5	GNL1
CSPG5	GRIA2
CSPG5	GRIA3
CSPG5	HGS
CSPG5	HK1
CSPG5	HSPA4L
CSPG5	IGSF8
CSPG5	IGSF9B
CSPG5	IMMT
CSPG5	IQSEC1
CSPG5	KIF5C
CSPG5	E7EVH7
CSPG5	LETM1
CSPG5	LONP1
CSPG5	MGLL
CSPG5	NCKAP1
CSPG5	NECAB2
CSPG5	NSF
CSPG5	NT5C2
CSPG5	OGDH
CSPG5	PCYOX1
CSPG5	PDCD6IP
CSPG5	PDE1B
CSPG5	PDE2A
CSPG5	PFKP
CSPG5	PIP5K1C
CSPG5	PPP2R1A
CSPG5	PPP2R2A
CSPG5	PPP2R5D
CSPG5	PPP2R5E
CSPG5	PRKCE
CSPG5	PRKCG
CSPG5	PTBP1
CSPG5	RALY
CSPG5	RASA1
CSPG5	RHOT1
CSPG5	RMDN3
CSPG5	SARS2
CSPG5	SIRPA
CSPG5	SLC25A12
CSPG5	SLC25A13
CSPG5	SNAP91
CSPG5	SNX30
CSPG5	SOGA3
CSPG5	STXBP1
CSPG5	SYNPR
CSPG5	SYT1
CSPG5	SYT5
CSPG5	TOMM70
CSPG5	TPP1
CSPG5	TPRG1L
CSPG5	USP5
CSPG5	VPS35
CSPG5	VPS51
CSPG5	WASF1
CTNND1	CUL3
CTNND1	DLG3
CTNND1	DLG4
CTNND1	DNAJC6
CTNND1	DNM1
CTNND1	DNM1L
CTNND1	DNM3
CTNND1	DPP6
CTNND1	EXOC2
CTNND1	EXOC3
CTNND1	GIT1
CTNND1	GNL1
CTNND1	GRIA2
CTNND1	GRIA3
CTNND1	HK1
CTNND1	IGSF9B
CTNND1	IMMT
CTNND1	IQSEC1
CTNND1	KIF5C
CTNND1	LETM1
CTNND1	LONP1
CTNND1	MGLL
CTNND1	NCKAP1
CTNND1	NSF
CTNND1	NT5C2
CTNND1	PDE2A
CTNND1	PIP5K1C
CTNND1	PPP2R1A
CTNND1	PPP2R5E
CTNND1	PRKCE
CTNND1	PRKCG
CTNND1	RASA1
CTNND1	SLC25A12
CTNND1	SNX30
CTNND1	SOGA3
CTNND1	STXBP1
CTNND1	SYNPR
CTNND1	SYT1
CTNND1	TOMM70
CTNND1	USP5
CTNND1	VPS35
CUL3	DLG4
CUL3	DNAJC6
CUL3	DNM1
CUL3	DNM2
CUL3	DNM3
CUL3	DPP6
CUL3	DYNC1I1
CUL3	EPB41L1
CUL3	EPB41L3
CUL3	EXOC2
CUL3	EXOC3
CUL3	FAM49B
CUL3	GGT7
CUL3	GIT1
CUL3	GNL1
CUL3	GRIA2
CUL3	GRIA3
CUL3	HGS
CUL3	IGSF9B
CUL3	ILF3
CUL3	IMMT
CUL3	IQSEC1
CUL3	KIF2A
CUL3	KIF5C
CUL3	E7EVH7
CUL3	KPNB1
CUL3	LETM1
CUL3	LONP1
CUL3	LRRC40
CUL3	NCKAP1
CUL3	NECAB2
CUL3	NLGN2
CUL3	NSF
CUL3	NT5C2
CUL3	OGDH
CUL3	OGT
CUL3	PCYOX1
CUL3	PDE1B
CUL3	PDE2A
CUL3	PFKP
CUL3	PIP5K1C
CUL3	PPP2R1A
CUL3	PPP2R2A
CUL3	PPP2R5D
CUL3	PPP2R5E
CUL3	PRKCE
CUL3	PRKCG
CUL3	PTBP1
CUL3	RALY
CUL3	RASA1
CUL3	RHOT1
CUL3	RMDN3
CUL3	SARS2
CUL3	SIRPA
CUL3	SLC25A12
CUL3	SLC25A13
CUL3	SNAP91
CUL3	SNX30
CUL3	SOGA3
CUL3	SYNPR
CUL3	TBC1D17
CUL3	TNPO3
CUL3	TOM1
CUL3	TOMM70
CUL3	TPRG1L
CUL3	TRAP1
CUL3	UGGT1
CUL3	USP5
CUL3	VPS35
CUL3	VPS51
CUL3	WASF1
DAD1	DLG4
DAD1	DNAJC6
DAD1	DNM1
DAD1	DNM1L
DAD1	DNM3
DAD1	DPP6
DAD1	EPB41L1
DAD1	EPB41L3
DAD1	GIT1
DAD1	GRIA2
DAD1	GRIA3
DAD1	HK1
DAD1	IGSF9B
DAD1	IMMT
DAD1	IQSEC1
DAD1	KIF5C
DAD1	LETM1
DAD1	MGLL
DAD1	NCKAP1
DAD1	NSF
DAD1	NT5C2
DAD1	OGDH
DAD1	PDE1B
DAD1	PDE2A
DAD1	PFKP
DAD1	PIP5K1C
DAD1	PPP2R5E
DAD1	PRKCE
DAD1	PRKCG
DAD1	PTBP1
DAD1	SLC25A12
DAD1	SNX30
DAD1	SOGA3
DAD1	STXBP1
DAD1	SYNPR
DAD1	SYT1
DAD1	SYT5
DAD1	TOMM70
DAD1	USP5
DAD1	VPS35
DAD1	WASF1
DLAT	DLG1
DLAT	DLG4
DLAT	DNAJC6
DLAT	DNM1
DLAT	DNM1L
DLAT	DNM2
DLAT	DNM3
DLAT	DPP6
DLAT	DYNC1I1
DLAT	EPB41L1
DLAT	EPB41L3
DLAT	EPN1
DLAT	FAM49B
DLAT	GGT7
DLAT	GIT1
DLAT	GNL1
DLAT	GRIA2
DLAT	GRIA3
DLAT	H2AFY
DLAT	HGS
DLAT	HK1
DLAT	HSPA4L
DLAT	IGSF8
DLAT	IGSF9B
DLAT	ILF3
DLAT	IMMT
DLAT	IQSEC1
DLAT	KIF2A
DLAT	KIF5C
DLAT	E7EVH7
DLAT	LETM1
DLAT	LONP1
DLAT	MCCC2
DLAT	MGLL
DLAT	NCKAP1
DLAT	NECAB2
DLAT	NLGN2
DLAT	NSF
DLAT	NT5C2
DLAT	OGDH
DLAT	OGT
DLAT	PCYOX1
DLAT	PDCD6IP
DLAT	PDE1B
DLAT	PDE2A
DLAT	PFKP
DLAT	PIP5K1C
DLAT	PPP2R1A
DLAT	PPP2R2A
DLAT	PPP2R5D
DLAT	PPP2R5E
DLAT	PRKCE
DLAT	PRKCG
DLAT	PTBP1
DLAT	RALY
DLAT	RASA1
DLAT	RHOT1
DLAT	RMDN3
DLAT	SARS2
DLAT	SIRPA
DLAT	SLC25A12
DLAT	SLC25A13
DLAT	SNAP91
DLAT	SNX30
DLAT	SOGA3
DLAT	STXBP1
DLAT	SYNPR
DLAT	SYT1
DLAT	SYT5
DLAT	TOM1
DLAT	TOM1L2
DLAT	TOMM70
DLAT	TPP1
DLAT	TPRG1L
DLAT	TRAP1
DLAT	USP5
DLAT	VPS35
DLAT	WASF1
DLG1	DLG4
DLG1	DNAJC6
DLG1	DNM1
DLG1	DNM1L
DLG1	DNM3
DLG1	DPP6
DLG1	EPB41L3
DLG1	GRIA2
DLG1	GRIA3
DLG1	HK1
DLG1	HSPA4L
DLG1	IGSF9B
DLG1	IMMT
DLG1	KIF5C
DLG1	LETM1
DLG1	MGLL
DLG1	NSF
DLG1	NT5C2
DLG1	PFKP
DLG1	PIP5K1C
DLG1	PRKCE
DLG1	PTBP1
DLG1	SLC25A12
DLG1	SNAP91
DLG1	SNX30
DLG1	SOGA3
DLG1	STXBP1
DLG1	SYT1
DLG1	TOMM70
DLG1	TPP1
DLG1	USP5
DLG3	DLG4
DLG3	DNAJC6
DLG3	DNM1
DLG3	DNM1L
DLG3	DNM2
DLG3	DNM3
DLG3	DPP6
DLG3	EPB41L3
DLG3	FAM49B
DLG3	GGT7
DLG3	GIT1
DLG3	GNL1
DLG3	GRIA2
DLG3	GRIA3
DLG3	HK1
DLG3	IGSF9B
DLG3	IMMT
DLG3	IQSEC1
DLG3	KIF5C
DLG3	E7EVH7
DLG3	LETM1
DLG3	MGLL
DLG3	NCKAP1
DLG3	NECAB2
DLG3	NSF
DLG3	NT5C2
DLG3	PDE2A
DLG3	PIP5K1C
DLG3	PPP2R1A
DLG3	PPP2R5D
DLG3	PPP2R5E
DLG3	PRKCE
DLG3	PRKCG
DLG3	PTBP1
DLG3	RASA1
DLG3	SARS2
DLG3	SIRPA
DLG3	SLC25A12
DLG3	SNAP91
DLG3	SNX30
DLG3	SOGA3
DLG3	STXBP1
DLG3	SYNPR
DLG3	SYT1
DLG3	SYT5
DLG3	TOM1L2
DLG3	TOMM70
DLG3	TPP1
DLG3	TPRG1L
DLG3	VPS51
DLG3	WASF1
DLG4	DNAJC6
DLG4	DNM1
DLG4	DNM1L
DLG4	DNM2
DLG4	DNM3
DLG4	DPP6
DLG4	DYNC1I1
DLG4	EPB41L1
DLG4	EPB41L3
DLG4	EPN1
DLG4	EXOC2
DLG4	EXOC3
DLG4	FAM49B
DLG4	GGT7
DLG4	GIT1
DLG4	GNL1
DLG4	GRIA2
DLG4	GRIA3
DLG4	H2AFY
DLG4	HGS
DLG4	HK1
DLG4	HSPA4L
DLG4	IGSF8
DLG4	IGSF9B
DLG4	ILF3
DLG4	IMMT
DLG4	IQSEC1
DLG4	KIF2A
DLG4	KIF5C
DLG4	E7EVH7
DLG4	LETM1
DLG4	LONP1
DLG4	LRRC40
DLG4	MCCC2
DLG4	MGLL
DLG4	MROH1
DLG4	NCKAP1
DLG4	NECAB2
DLG4	NLGN2
DLG4	NSF
DLG4	NT5C2
DLG4	OGDH
DLG4	OGT
DLG4	PCYOX1
DLG4	PDCD6IP
DLG4	PDE1B
DLG4	PDE2A
DLG4	PFKP
DLG4	PIP5K1C
DLG4	PPP2R1A
DLG4	PPP2R2A
DLG4	PPP2R5D
DLG4	PPP2R5E
DLG4	PRKCE
DLG4	PRKCG
DLG4	PTBP1
DLG4	RALY
DLG4	RASA1
DLG4	RHOT1
DLG4	RMDN3
DLG4	SARS2
DLG4	SIRPA
DLG4	SLC25A12
DLG4	SLC25A13
DLG4	SNAP91
DLG4	SNX30
DLG4	SOGA3
DLG4	STXBP1
DLG4	SYNPR
DLG4	SYT1
DLG4	SYT5
DLG4	TBC1D17
DLG4	TNPO3
DLG4	TOM1
DLG4	TOM1L2
DLG4	TOMM70
DLG4	TPP1
DLG4	TPRG1L
DLG4	TRAP1
DLG4	UGGT1
DLG4	USP5
DLG4	VPS35
DLG4	VPS51
DLG4	WASF1
DNAJC6	DNM1
DNAJC6	DNM1L
DNAJC6	DNM2
DNAJC6	DNM3
DNAJC6	DPP6
DNAJC6	DYNC1I1
DNAJC6	EPB41L1
DNAJC6	EPB41L3
DNAJC6	EPN1
DNAJC6	EXOC2
DNAJC6	EXOC3
DNAJC6	FAM49B
DNAJC6	GGT7
DNAJC6	GIT1
DNAJC6	GNL1
DNAJC6	GRIA2
DNAJC6	GRIA3
DNAJC6	H2AFY
DNAJC6	HGS
DNAJC6	HK1
DNAJC6	HSPA4L
DNAJC6	IGSF8
DNAJC6	IGSF9B
DNAJC6	ILF3
DNAJC6	IMMT
DNAJC6	IQSEC1
DNAJC6	KIF2A
DNAJC6	KIF5C
DNAJC6	E7EVH7
DNAJC6	LETM1
DNAJC6	LONP1
DNAJC6	LRRC40
DNAJC6	MCCC2
DNAJC6	MGLL
DNAJC6	MROH1
DNAJC6	NCKAP1
DNAJC6	NECAB2
DNAJC6	NLGN2
DNAJC6	NSF
DNAJC6	NT5C2
DNAJC6	OGDH
DNAJC6	OGT
DNAJC6	PCYOX1
DNAJC6	PDCD6IP
DNAJC6	PDE1B
DNAJC6	PDE2A
DNAJC6	PFKP
DNAJC6	PIP5K1C
DNAJC6	PPP2R1A
DNAJC6	PPP2R2A
DNAJC6	PPP2R5D
DNAJC6	PPP2R5E
DNAJC6	PRKCE
DNAJC6	PRKCG
DNAJC6	PTBP1
DNAJC6	RALY
DNAJC6	RASA1
DNAJC6	RHOT1
DNAJC6	RMDN3
DNAJC6	SARS2
DNAJC6	SIRPA
DNAJC6	SLC25A12
DNAJC6	SLC25A13
DNAJC6	SNAP91
DNAJC6	SNX30
DNAJC6	SOGA3
DNAJC6	STXBP1
DNAJC6	SYNPR
DNAJC6	SYT1
DNAJC6	SYT5
DNAJC6	TBC1D17
DNAJC6	TNPO3
DNAJC6	TOM1
DNAJC6	TOM1L2
DNAJC6	TOMM70
DNAJC6	TPP1
DNAJC6	TPRG1L
DNAJC6	TRAP1
DNAJC6	UGGT1
DNAJC6	USP5
DNAJC6	VPS35
DNAJC6	VPS51
DNAJC6	WASF1
DNM1	DNM1L
DNM1	DNM2
DNM1	DNM3
DNM1	DPP6
DNM1	DYNC1I1
DNM1	EPB41L1
DNM1	EPB41L3
DNM1	EPN1
DNM1	EXOC2
DNM1	EXOC3
DNM1	FAM49B
DNM1	GGT7
DNM1	GIT1
DNM1	GNL1
DNM1	GRIA2
DNM1	GRIA3
DNM1	H2AFY
DNM1	HGS
DNM1	HK1
DNM1	HSPA4L
DNM1	IGSF8
DNM1	IGSF9B
DNM1	ILF3
DNM1	IMMT
DNM1	IQSEC1
DNM1	KIF2A
DNM1	KIF5C
DNM1	E7EVH7
DNM1	LETM1
DNM1	LONP1
DNM1	LRRC40
DNM1	MCCC2
DNM1	MGLL
DNM1	MROH1
DNM1	NCKAP1
DNM1	NECAB2
DNM1	NLGN2
DNM1	NSF
DNM1	NT5C2
DNM1	OGDH
DNM1	OGT
DNM1	PCYOX1
DNM1	PDCD6IP
DNM1	PDE1B
DNM1	PDE2A
DNM1	PFKP
DNM1	PIP5K1C
DNM1	PPP2R1A
DNM1	PPP2R2A
DNM1	PPP2R5D
DNM1	PPP2R5E
DNM1	PRKCE
DNM1	PRKCG
DNM1	PTBP1
DNM1	RALY
DNM1	RASA1
DNM1	RHOT1
DNM1	RMDN3
DNM1	SARS2
DNM1	SIRPA
DNM1	SLC25A12
DNM1	SLC25A13
DNM1	SNAP91
DNM1	SNX30
DNM1	SOGA3
DNM1	STXBP1
DNM1	SYNPR
DNM1	SYT1
DNM1	SYT5
DNM1	TBC1D17
DNM1	TNPO3
DNM1	TOM1
DNM1	TOM1L2
DNM1	TOMM70
DNM1	TPP1
DNM1	TPRG1L
DNM1	TRAP1
DNM1	UGGT1
DNM1	USP5
DNM1	VPS35
DNM1	VPS51
DNM1	WASF1
DNM1L	DNM2
DNM1L	DNM3
DNM1L	DPP6
DNM1L	DYNC1I1
DNM1L	EPB41L1
DNM1L	EPB41L3
DNM1L	EPN1
DNM1L	EXOC2
DNM1L	EXOC3
DNM1L	FAM49B
DNM1L	GGT7
DNM1L	GIT1
DNM1L	GNL1
DNM1L	GRIA2
DNM1L	GRIA3
DNM1L	H2AFY
DNM1L	HGS
DNM1L	HK1
DNM1L	HSPA4L
DNM1L	IGSF8
DNM1L	IGSF9B
DNM1L	ILF3
DNM1L	IMMT
DNM1L	IQSEC1
DNM1L	KIF5C
DNM1L	E7EVH7
DNM1L	LETM1
DNM1L	LONP1
DNM1L	MCCC2
DNM1L	MGLL
DNM1L	NCKAP1
DNM1L	NECAB2
DNM1L	NLGN2
DNM1L	NSF
DNM1L	NT5C2
DNM1L	OGDH
DNM1L	OGT
DNM1L	PCYOX1
DNM1L	PDCD6IP
DNM1L	PDE1B
DNM1L	PDE2A
DNM1L	PFKP
DNM1L	PIP5K1C
DNM1L	PPP2R1A
DNM1L	PPP2R2A
DNM1L	PPP2R5D
DNM1L	PPP2R5E
DNM1L	PRKCE
DNM1L	PRKCG
DNM1L	PTBP1
DNM1L	RALY
DNM1L	RASA1
DNM1L	RHOT1
DNM1L	RMDN3
DNM1L	SARS2
DNM1L	SIRPA
DNM1L	SLC25A12
DNM1L	SLC25A13
DNM1L	SNAP91
DNM1L	SNX30
DNM1L	SOGA3
DNM1L	STXBP1
DNM1L	SYNPR
DNM1L	SYT1
DNM1L	SYT5
DNM1L	TOM1L2
DNM1L	TOMM70
DNM1L	TPP1
DNM1L	TPRG1L
DNM1L	TRAP1
DNM1L	USP5
DNM1L	VPS35
DNM1L	VPS51
DNM1L	WASF1
DNM2	DNM3
DNM2	DPP6
DNM2	DYNC1I1
DNM2	EPB41L1
DNM2	EPB41L3
DNM2	EPN1
DNM2	FAM49B
DNM2	GGT7
DNM2	GIT1
DNM2	GNL1
DNM2	GRIA2
DNM2	GRIA3
DNM2	HGS
DNM2	HK1
DNM2	HSPA4L
DNM2	IGSF8
DNM2	IGSF9B
DNM2	ILF3
DNM2	IMMT
DNM2	IQSEC1
DNM2	KIF2A
DNM2	KIF5C
DNM2	E7EVH7
DNM2	LETM1
DNM2	LONP1
DNM2	LRRC40
DNM2	MCCC2
DNM2	MGLL
DNM2	NCKAP1
DNM2	NECAB2
DNM2	NLGN2
DNM2	NSF
DNM2	NT5C2
DNM2	OGDH
DNM2	OGT
DNM2	PDCD6IP
DNM2	PDE1B
DNM2	PDE2A
DNM2	PFKP
DNM2	PIP5K1C
DNM2	PPP2R1A
DNM2	PPP2R5D
DNM2	PPP2R5E
DNM2	PRKCE
DNM2	PRKCG
DNM2	PTBP1
DNM2	RASA1
DNM2	RHOT1
DNM2	SIRPA
DNM2	SLC25A12
DNM2	SLC25A13
DNM2	SNAP91
DNM2	SNX30
DNM2	SOGA3
DNM2	STXBP1
DNM2	SYNPR
DNM2	SYT1
DNM2	SYT5
DNM2	TBC1D17
DNM2	TOM1
DNM2	TOM1L2
DNM2	TOMM70
DNM2	TPRG1L
DNM2	TRAP1
DNM2	USP5
DNM2	VPS35
DNM2	WASF1
DNM3	DPP6
DNM3	DYNC1I1
DNM3	EPB41L1
DNM3	EPB41L3
DNM3	EPN1
DNM3	EXOC2
DNM3	EXOC3
DNM3	FAM49B
DNM3	GGT7
DNM3	GIT1
DNM3	GNL1
DNM3	GRIA2
DNM3	GRIA3
DNM3	H2AFY
DNM3	HGS
DNM3	HK1
DNM3	HSPA4L
DNM3	IGSF8
DNM3	IGSF9B
DNM3	ILF3
DNM3	IMMT
DNM3	IQSEC1
DNM3	KIF2A
DNM3	KIF5C
DNM3	E7EVH7
DNM3	LETM1
DNM3	LONP1
DNM3	LRRC40
DNM3	MCCC2
DNM3	MGLL
DNM3	MROH1
DNM3	NCKAP1
DNM3	NECAB2
DNM3	NLGN2
DNM3	NSF
DNM3	NT5C2
DNM3	OGDH
DNM3	OGT
DNM3	PCYOX1
DNM3	PDCD6IP
DNM3	PDE1B
DNM3	PDE2A
DNM3	PFKP
DNM3	PIP5K1C
DNM3	PPP2R1A
DNM3	PPP2R2A
DNM3	PPP2R5D
DNM3	PPP2R5E
DNM3	PRKCE
DNM3	PRKCG
DNM3	PTBP1
DNM3	RALY
DNM3	RASA1
DNM3	RHOT1
DNM3	RMDN3
DNM3	SARS2
DNM3	SIRPA
DNM3	SLC25A12
DNM3	SLC25A13
DNM3	SNAP91
DNM3	SNX30
DNM3	SOGA3
DNM3	STXBP1
DNM3	SYNPR
DNM3	SYT1
DNM3	SYT5
DNM3	TBC1D17
DNM3	TNPO3
DNM3	TOM1
DNM3	TOM1L2
DNM3	TOMM70
DNM3	TPP1
DNM3	TPRG1L
DNM3	TRAP1
DNM3	UGGT1
DNM3	USP5
DNM3	VPS35
DNM3	VPS51
DNM3	WASF1
DPP6	DYNC1I1
DPP6	EPB41L1
DPP6	EPB41L3
DPP6	EPN1
DPP6	EXOC2
DPP6	EXOC3
DPP6	FAM49B
DPP6	GGT7
DPP6	GIT1
DPP6	GNL1
DPP6	GRIA2
DPP6	GRIA3
DPP6	H2AFY
DPP6	HGS
DPP6	HK1
DPP6	HSPA4L
DPP6	IGSF8
DPP6	IGSF9B
DPP6	ILF3
DPP6	IMMT
DPP6	IQSEC1
DPP6	KIF2A
DPP6	KIF5C
DPP6	E7EVH7
DPP6	KPNB1
DPP6	LETM1
DPP6	LONP1
DPP6	LRRC40
DPP6	MCCC2
DPP6	MGLL
DPP6	MROH1
DPP6	NCKAP1
DPP6	NECAB2
DPP6	NLGN2
DPP6	NSF
DPP6	NT5C2
DPP6	OGDH
DPP6	OGT
DPP6	PCYOX1
DPP6	PDCD6IP
DPP6	PDE1B
DPP6	PDE2A
DPP6	PFKP
DPP6	PIP5K1C
DPP6	PPP2R1A
DPP6	PPP2R2A
DPP6	PPP2R5D
DPP6	PPP2R5E
DPP6	PRKCE
DPP6	PRKCG
DPP6	PTBP1
DPP6	RALY
DPP6	RASA1
DPP6	RHOT1
DPP6	RMDN3
DPP6	SARS2
DPP6	SIRPA
DPP6	SLC25A12
DPP6	SLC25A13
DPP6	SNAP91
DPP6	SNX30
DPP6	SOGA3
DPP6	STXBP1
DPP6	SYNPR
DPP6	SYT1
DPP6	SYT5
DPP6	TBC1D17
DPP6	TNPO3
DPP6	TOM1
DPP6	TOM1L2
DPP6	TOMM70
DPP6	TPP1
DPP6	TPRG1L
DPP6	TRAP1
DPP6	UGGT1
DPP6	USP5
DPP6	VPS35
DPP6	VPS51
DPP6	WASF1
DYNC1I1	EPB41L1
DYNC1I1	EPB41L3
DYNC1I1	EPN1
DYNC1I1	FAM49B
DYNC1I1	GGT7
DYNC1I1	GIT1
DYNC1I1	GNL1
DYNC1I1	GRIA2
DYNC1I1	GRIA3
DYNC1I1	H2AFY
DYNC1I1	HGS
DYNC1I1	HK1
DYNC1I1	HSPA4L
DYNC1I1	IGSF8
DYNC1I1	IGSF9B
DYNC1I1	ILF3
DYNC1I1	IMMT
DYNC1I1	IQSEC1
DYNC1I1	KIF2A
DYNC1I1	KIF5C
DYNC1I1	LETM1
DYNC1I1	NCKAP1
DYNC1I1	NECAB2
DYNC1I1	NLGN2
DYNC1I1	NSF
DYNC1I1	NT5C2
DYNC1I1	OGDH
DYNC1I1	OGT
DYNC1I1	PCYOX1
DYNC1I1	PDCD6IP
DYNC1I1	PDE1B
DYNC1I1	PDE2A
DYNC1I1	PIP5K1C
DYNC1I1	PPP2R1A
DYNC1I1	PPP2R2A
DYNC1I1	PPP2R5E
DYNC1I1	PRKCE
DYNC1I1	PRKCG
DYNC1I1	PTBP1
DYNC1I1	RASA1
DYNC1I1	RHOT1
DYNC1I1	RMDN3
DYNC1I1	SARS2
DYNC1I1	SIRPA
DYNC1I1	SLC25A12
DYNC1I1	SLC25A13
DYNC1I1	SNAP91
DYNC1I1	SNX30
DYNC1I1	SOGA3
DYNC1I1	STXBP1
DYNC1I1	SYNPR
DYNC1I1	SYT1
DYNC1I1	SYT5
DYNC1I1	TBC1D17
DYNC1I1	TOM1
DYNC1I1	TOM1L2
DYNC1I1	TOMM70
DYNC1I1	TPRG1L
DYNC1I1	TRAP1
DYNC1I1	WASF1
EPB41L1	EPB41L3
EPB41L1	EPN1
EPB41L1	EXOC3
EPB41L1	FAM49B
EPB41L1	GGT7
EPB41L1	GIT1
EPB41L1	GNL1
EPB41L1	GRIA2
EPB41L1	GRIA3
EPB41L1	H2AFY
EPB41L1	HGS
EPB41L1	HK1
EPB41L1	HSPA4L
EPB41L1	IGSF8
EPB41L1	IGSF9B
EPB41L1	ILF3
EPB41L1	IMMT
EPB41L1	IQSEC1
EPB41L1	KIF2A
EPB41L1	KIF5C
EPB41L1	E7EVH7
EPB41L1	LETM1
EPB41L1	LONP1
EPB41L1	LRRC40
EPB41L1	MGLL
EPB41L1	NCKAP1
EPB41L1	NECAB2
EPB41L1	NLGN2
EPB41L1	NSF
EPB41L1	NT5C2
EPB41L1	OGDH
EPB41L1	OGT
EPB41L1	PCYOX1
EPB41L1	PDCD6IP
EPB41L1	PDE1B
EPB41L1	PDE2A
EPB41L1	PFKP
EPB41L1	PIP5K1C
EPB41L1	PPP2R1A
EPB41L1	PPP2R2A
EPB41L1	PPP2R5D
EPB41L1	PPP2R5E
EPB41L1	PRKCE
EPB41L1	PRKCG
EPB41L1	PTBP1
EPB41L1	RALY
EPB41L1	RASA1
EPB41L1	RHOT1
EPB41L1	RMDN3
EPB41L1	SARS2
EPB41L1	SIRPA
EPB41L1	SLC25A12
EPB41L1	SLC25A13
EPB41L1	SNAP91
EPB41L1	SNX30
EPB41L1	SOGA3
EPB41L1	STXBP1
EPB41L1	SYNPR
EPB41L1	SYT1
EPB41L1	SYT5
EPB41L1	TBC1D17
EPB41L1	TNPO3
EPB41L1	TOM1
EPB41L1	TOM1L2
EPB41L1	TOMM70
EPB41L1	TPRG1L
EPB41L1	TRAP1
EPB41L1	USP5
EPB41L1	VPS35
EPB41L1	WASF1
EPB41L3	EPN1
EPB41L3	EXOC2
EPB41L3	EXOC3
EPB41L3	FAM49B
EPB41L3	GGT7
EPB41L3	GIT1
EPB41L3	GNL1
EPB41L3	GRIA2
EPB41L3	GRIA3
EPB41L3	H2AFY
EPB41L3	HGS
EPB41L3	HK1
EPB41L3	HSPA4L
EPB41L3	IGSF8
EPB41L3	IGSF9B
EPB41L3	ILF3
EPB41L3	IMMT
EPB41L3	IQSEC1
EPB41L3	KIF5C
EPB41L3	E7EVH7
EPB41L3	LETM1
EPB41L3	LONP1
EPB41L3	MCCC2
EPB41L3	MGLL
EPB41L3	NCKAP1
EPB41L3	NECAB2
EPB41L3	NLGN2
EPB41L3	NSF
EPB41L3	NT5C2
EPB41L3	OGDH
EPB41L3	OGT
EPB41L3	PCYOX1
EPB41L3	PDCD6IP
EPB41L3	PDE1B
EPB41L3	PDE2A
EPB41L3	PFKP
EPB41L3	PIP5K1C
EPB41L3	PPP2R1A
EPB41L3	PPP2R2A
EPB41L3	PPP2R5D
EPB41L3	PPP2R5E
EPB41L3	PRKCE
EPB41L3	PRKCG
EPB41L3	PTBP1
EPB41L3	RALY
EPB41L3	RASA1
EPB41L3	RHOT1
EPB41L3	RMDN3
EPB41L3	SARS2
EPB41L3	SIRPA
EPB41L3	SLC25A12
EPB41L3	SLC25A13
EPB41L3	SNAP91
EPB41L3	SNX30
EPB41L3	SOGA3
EPB41L3	STXBP1
EPB41L3	SYNPR
EPB41L3	SYT1
EPB41L3	SYT5
EPB41L3	TBC1D17
EPB41L3	TOM1
EPB41L3	TOM1L2
EPB41L3	TOMM70
EPB41L3	TPP1
EPB41L3	TPRG1L
EPB41L3	TRAP1
EPB41L3	USP5
EPB41L3	VPS35
EPB41L3	VPS51
EPB41L3	WASF1
EPN1	FAM49B
EPN1	GIT1
EPN1	GRIA2
EPN1	GRIA3
EPN1	H2AFY
EPN1	HGS
EPN1	HK1
EPN1	HSPA4L
EPN1	IGSF8
EPN1	IGSF9B
EPN1	ILF3
EPN1	IMMT
EPN1	IQSEC1
EPN1	KIF2A
EPN1	KIF5C
EPN1	E7EVH7
EPN1	LETM1
EPN1	MCCC2
EPN1	MGLL
EPN1	NCKAP1
EPN1	NECAB2
EPN1	NLGN2
EPN1	NSF
EPN1	NT5C2
EPN1	OGDH
EPN1	PCYOX1
EPN1	PDCD6IP
EPN1	PDE2A
EPN1	PFKP
EPN1	PIP5K1C
EPN1	PPP2R1A
EPN1	PRKCE
EPN1	PRKCG
EPN1	PTBP1
EPN1	RALY
EPN1	RASA1
EPN1	RHOT1
EPN1	RMDN3
EPN1	SLC25A12
EPN1	SLC25A13
EPN1	SNAP91
EPN1	SNX30
EPN1	SOGA3
EPN1	STXBP1
EPN1	SYT1
EPN1	SYT5
EPN1	TOM1
EPN1	TOM1L2
EPN1	TOMM70
EPN1	TPRG1L
EPN1	TRAP1
EPN1	USP5
EPN1	VPS35
EPN1	WASF1
EXOC2	GIT1
EXOC2	GRIA2
EXOC2	GRIA3
EXOC2	HK1
EXOC2	IGSF9B
EXOC2	IMMT
EXOC2	IQSEC1
EXOC2	KIF5C
EXOC2	E7EVH7
EXOC2	KPNB1
EXOC2	LETM1
EXOC2	LONP1
EXOC2	MGLL
EXOC2	NCKAP1
EXOC2	NSF
EXOC2	NT5C2
EXOC2	PDE2A
EXOC2	PFKP
EXOC2	PIP5K1C
EXOC2	PPP2R5E
EXOC2	PRKCE
EXOC2	PRKCG
EXOC2	RASA1
EXOC2	RHOT1
EXOC2	SNX30
EXOC2	SOGA3
EXOC2	SYT1
EXOC2	TOMM70
EXOC2	USP5
EXOC2	VPS35
EXOC2	VPS51
EXOC3	FAM49B
EXOC3	GIT1
EXOC3	GNL1
EXOC3	GRIA2
EXOC3	GRIA3
EXOC3	IGSF9B
EXOC3	ILF3
EXOC3	IMMT
EXOC3	IQSEC1
EXOC3	KIF2A
EXOC3	KIF5C
EXOC3	E7EVH7
EXOC3	KPNB1
EXOC3	LETM1
EXOC3	LONP1
EXOC3	LRRC40
EXOC3	NCKAP1
EXOC3	NECAB2
EXOC3	NLGN2
EXOC3	NSF
EXOC3	NT5C2
EXOC3	OGDH
EXOC3	OGT
EXOC3	PDE2A
EXOC3	PIP5K1C
EXOC3	PPP2R1A
EXOC3	PPP2R5D
EXOC3	PPP2R5E
EXOC3	PRKCE
EXOC3	PRKCG
EXOC3	PTBP1
EXOC3	RASA1
EXOC3	RHOT1
EXOC3	SLC25A12
EXOC3	SNX30
EXOC3	SOGA3
EXOC3	STXBP1
EXOC3	SYNPR
EXOC3	TBC1D17
EXOC3	TNPO3
EXOC3	TOMM70
EXOC3	TRAP1
EXOC3	UGGT1
EXOC3	USP5
EXOC3	VPS35
EXOC3	VPS51
EXOC3	WASF1
PRXL2B	NLGN2
PRXL2B	RHOT1
FAM49B	GGT7
FAM49B	GIT1
FAM49B	GNL1
FAM49B	GRIA2
FAM49B	GRIA3
FAM49B	H2AFY
FAM49B	HGS
FAM49B	HK1
FAM49B	IGSF9B
FAM49B	ILF3
FAM49B	IMMT
FAM49B	IQSEC1
FAM49B	KIF5C
FAM49B	E7EVH7
FAM49B	LETM1
FAM49B	MGLL
FAM49B	NCKAP1
FAM49B	NECAB2
FAM49B	NLGN2
FAM49B	NSF
FAM49B	NT5C2
FAM49B	OGDH
FAM49B	OGT
FAM49B	PCYOX1
FAM49B	PDCD6IP
FAM49B	PDE1B
FAM49B	PDE2A
FAM49B	PFKP
FAM49B	PIP5K1C
FAM49B	PPP2R1A
FAM49B	PPP2R2A
FAM49B	PPP2R5D
FAM49B	PPP2R5E
FAM49B	PRKCE
FAM49B	PRKCG
FAM49B	PTBP1
FAM49B	RASA1
FAM49B	RHOT1
FAM49B	RMDN3
FAM49B	SARS2
FAM49B	SIRPA
FAM49B	SLC25A12
FAM49B	SLC25A13
FAM49B	SNAP91
FAM49B	SNX30
FAM49B	SOGA3
FAM49B	STXBP1
FAM49B	SYNPR
FAM49B	SYT1
FAM49B	SYT5
FAM49B	TBC1D17
FAM49B	TOM1
FAM49B	TOM1L2
FAM49B	TOMM70
FAM49B	TPP1
FAM49B	TPRG1L
FAM49B	TRAP1
FAM49B	UGGT1
FAM49B	VPS51
FAM49B	WASF1
GGT7	GIT1
GGT7	GNL1
GGT7	GRIA2
GGT7	GRIA3
GGT7	HK1
GGT7	IGSF9B
GGT7	IMMT
GGT7	IQSEC1
GGT7	KIF5C
GGT7	LETM1
GGT7	MGLL
GGT7	NCKAP1
GGT7	NECAB2
GGT7	NSF
GGT7	NT5C2
GGT7	OGDH
GGT7	PDE1B
GGT7	PDE2A
GGT7	PIP5K1C
GGT7	PPP2R1A
GGT7	PPP2R5E
GGT7	PRKCE
GGT7	PRKCG
GGT7	PTBP1
GGT7	RASA1
GGT7	SLC25A12
GGT7	SLC25A13
GGT7	SNAP91
GGT7	SNX30
GGT7	SOGA3
GGT7	STXBP1
GGT7	SYNPR
GGT7	SYT1
GGT7	SYT5
GGT7	TOMM70
GGT7	TPRG1L
GGT7	WASF1
GIT1	GNL1
GIT1	GRIA2
GIT1	GRIA3
GIT1	H2AFY
GIT1	HGS
GIT1	HK1
GIT1	HSPA4L
GIT1	IGSF8
GIT1	IGSF9B
GIT1	ILF3
GIT1	IMMT
GIT1	IQSEC1
GIT1	KIF2A
GIT1	KIF5C
GIT1	E7EVH7
GIT1	KPNB1
GIT1	LETM1
GIT1	LONP1
GIT1	LRRC40
GIT1	MCCC2
GIT1	MGLL
GIT1	MROH1
GIT1	NCKAP1
GIT1	NECAB2
GIT1	NLGN2
GIT1	NSF
GIT1	NT5C2
GIT1	OGDH
GIT1	OGT
GIT1	PCYOX1
GIT1	PDCD6IP
GIT1	PDE1B
GIT1	PDE2A
GIT1	PFKP
GIT1	PIP5K1C
GIT1	PPP2R1A
GIT1	PPP2R2A
GIT1	PPP2R5D
GIT1	PPP2R5E
GIT1	PRKCE
GIT1	PRKCG
GIT1	PTBP1
GIT1	RALY
GIT1	RASA1
GIT1	RHOT1
GIT1	RMDN3
GIT1	SARS2
GIT1	SIRPA
GIT1	SLC25A12
GIT1	SLC25A13
GIT1	SNAP91
GIT1	SNX30
GIT1	SOGA3
GIT1	STXBP1
GIT1	SYNPR
GIT1	SYT1
GIT1	SYT5
GIT1	TBC1D17
GIT1	TNPO3
GIT1	TOM1
GIT1	TOM1L2
GIT1	TOMM70
GIT1	TPP1
GIT1	TPRG1L
GIT1	TRAP1
GIT1	UGGT1
GIT1	USP5
GIT1	VPS35
GIT1	VPS51
GIT1	WASF1
GNL1	GRIA2
GNL1	GRIA3
GNL1	HGS
GNL1	HK1
GNL1	IGSF8
GNL1	IGSF9B
GNL1	ILF3
GNL1	IMMT
GNL1	IQSEC1
GNL1	KIF2A
GNL1	KIF5C
GNL1	E7EVH7
GNL1	KPNB1
GNL1	LETM1
GNL1	LONP1
GNL1	LRRC40
GNL1	MGLL
GNL1	NCKAP1
GNL1	NECAB2
GNL1	NLGN2
GNL1	NSF
GNL1	NT5C2
GNL1	OGDH
GNL1	OGT
GNL1	PCYOX1
GNL1	PDE1B
GNL1	PDE2A
GNL1	PFKP
GNL1	PIP5K1C
GNL1	PPP2R1A
GNL1	PPP2R5D
GNL1	PPP2R5E
GNL1	PRKCE
GNL1	PRKCG
GNL1	PTBP1
GNL1	RASA1
GNL1	RHOT1
GNL1	SARS2
GNL1	SIRPA
GNL1	SLC25A12
GNL1	SLC25A13
GNL1	SNAP91
GNL1	SNX30
GNL1	SOGA3
GNL1	STXBP1
GNL1	SYNPR
GNL1	SYT1
GNL1	SYT5
GNL1	TBC1D17
GNL1	TNPO3
GNL1	TOM1
GNL1	TOMM70
GNL1	TPRG1L
GNL1	TRAP1
GNL1	UGGT1
GNL1	USP5
GNL1	VPS35
GNL1	VPS51
GNL1	WASF1
GRIA2	GRIA3
GRIA2	H2AFY
GRIA2	HGS
GRIA2	HK1
GRIA2	HSPA4L
GRIA2	IGSF8
GRIA2	IGSF9B
GRIA2	ILF3
GRIA2	IMMT
GRIA2	IQSEC1
GRIA2	KIF2A
GRIA2	KIF5C
GRIA2	E7EVH7
GRIA2	KPNB1
GRIA2	LETM1
GRIA2	LONP1
GRIA2	LRRC40
GRIA2	MCCC2
GRIA2	MGLL
GRIA2	MROH1
GRIA2	NCKAP1
GRIA2	NECAB2
GRIA2	NLGN2
GRIA2	NSF
GRIA2	NT5C2
GRIA2	OGDH
GRIA2	OGT
GRIA2	PCYOX1
GRIA2	PDCD6IP
GRIA2	PDE1B
GRIA2	PDE2A
GRIA2	PFKP
GRIA2	PIP5K1C
GRIA2	PPP2R1A
GRIA2	PPP2R2A
GRIA2	PPP2R5D
GRIA2	PPP2R5E
GRIA2	PRKCE
GRIA2	PRKCG
GRIA2	PTBP1
GRIA2	RALY
GRIA2	RASA1
GRIA2	RHOT1
GRIA2	RMDN3
GRIA2	SARS2
GRIA2	SIRPA
GRIA2	SLC25A12
GRIA2	SLC25A13
GRIA2	SNAP91
GRIA2	SNX30
GRIA2	SOGA3
GRIA2	STXBP1
GRIA2	SYNPR
GRIA2	SYT1
GRIA2	SYT5
GRIA2	TBC1D17
GRIA2	TNPO3
GRIA2	TOM1
GRIA2	TOM1L2
GRIA2	TOMM70
GRIA2	TPP1
GRIA2	TPRG1L
GRIA2	TRAP1
GRIA2	UGGT1
GRIA2	USP5
GRIA2	VPS35
GRIA2	VPS51
GRIA2	WASF1
GRIA3	H2AFY
GRIA3	HGS
GRIA3	HK1
GRIA3	HSPA4L
GRIA3	IGSF8
GRIA3	IGSF9B
GRIA3	ILF3
GRIA3	IMMT
GRIA3	IQSEC1
GRIA3	KIF2A
GRIA3	KIF5C
GRIA3	E7EVH7
GRIA3	KPNB1
GRIA3	LETM1
GRIA3	LONP1
GRIA3	LRRC40
GRIA3	MCCC2
GRIA3	MGLL
GRIA3	MROH1
GRIA3	NCKAP1
GRIA3	NECAB2
GRIA3	NLGN2
GRIA3	NSF
GRIA3	NT5C2
GRIA3	OGDH
GRIA3	OGT
GRIA3	PCYOX1
GRIA3	PDCD6IP
GRIA3	PDE1B
GRIA3	PDE2A
GRIA3	PFKP
GRIA3	PIP5K1C
GRIA3	PPP2R1A
GRIA3	PPP2R2A
GRIA3	PPP2R5D
GRIA3	PPP2R5E
GRIA3	PRKCE
GRIA3	PRKCG
GRIA3	PTBP1
GRIA3	RALY
GRIA3	RASA1
GRIA3	RHOT1
GRIA3	RMDN3
GRIA3	SARS2
GRIA3	SIRPA
GRIA3	SLC25A12
GRIA3	SLC25A13
GRIA3	SNAP91
GRIA3	SNX30
GRIA3	SOGA3
GRIA3	STXBP1
GRIA3	SYNPR
GRIA3	SYT1
GRIA3	SYT5
GRIA3	TBC1D17
GRIA3	TNPO3
GRIA3	TOM1
GRIA3	TOM1L2
GRIA3	TOMM70
GRIA3	TPP1
GRIA3	TPRG1L
GRIA3	TRAP1
GRIA3	UGGT1
GRIA3	USP5
GRIA3	VPS35
GRIA3	VPS51
GRIA3	WASF1
H2AFY	HK1
H2AFY	HSPA4L
H2AFY	IGSF9B
H2AFY	ILF3
H2AFY	IMMT
H2AFY	IQSEC1
H2AFY	KIF5C
H2AFY	LETM1
H2AFY	MCCC2
H2AFY	NCKAP1
H2AFY	NLGN2
H2AFY	NSF
H2AFY	NT5C2
H2AFY	OGDH
H2AFY	PCYOX1
H2AFY	PDE2A
H2AFY	PFKP
H2AFY	PIP5K1C
H2AFY	PPP2R1A
H2AFY	PRKCE
H2AFY	PRKCG
H2AFY	PTBP1
H2AFY	RALY
H2AFY	RASA1
H2AFY	RMDN3
H2AFY	SLC25A12
H2AFY	SLC25A13
H2AFY	SNAP91
H2AFY	SOGA3
H2AFY	STXBP1
H2AFY	SYT1
H2AFY	TOM1
H2AFY	TOMM70
H2AFY	TRAP1
H2AFY	USP5
H2AFY	WASF1
HGS	HK1
HGS	HSPA4L
HGS	IGSF8
HGS	IGSF9B
HGS	IMMT
HGS	IQSEC1
HGS	KIF5C
HGS	E7EVH7
HGS	LETM1
HGS	LONP1
HGS	MGLL
HGS	NCKAP1
HGS	NECAB2
HGS	NLGN2
HGS	NSF
HGS	NT5C2
HGS	OGDH
HGS	OGT
HGS	PCYOX1
HGS	PDCD6IP
HGS	PDE1B
HGS	PDE2A
HGS	PFKP
HGS	PIP5K1C
HGS	PPP2R1A
HGS	PPP2R2A
HGS	PPP2R5E
HGS	PRKCE
HGS	PRKCG
HGS	PTBP1
HGS	RALY
HGS	RASA1
HGS	RHOT1
HGS	RMDN3
HGS	SIRPA
HGS	SLC25A12
HGS	SLC25A13
HGS	SNAP91
HGS	SNX30
HGS	SOGA3
HGS	STXBP1
HGS	SYNPR
HGS	SYT1
HGS	SYT5
HGS	TOM1
HGS	TOM1L2
HGS	TOMM70
HGS	TPRG1L
HGS	TRAP1
HGS	USP5
HGS	VPS35
HGS	WASF1
HK1	HSPA4L
HK1	IGSF8
HK1	IGSF9B
HK1	IMMT
HK1	IQSEC1
HK1	KIF2A
HK1	KIF5C
HK1	E7EVH7
HK1	LETM1
HK1	LONP1
HK1	LRRC40
HK1	MCCC2
HK1	MGLL
HK1	NCKAP1
HK1	NECAB2
HK1	NLGN2
HK1	NSF
HK1	NT5C2
HK1	OGDH
HK1	OGT
HK1	PCYOX1
HK1	PDCD6IP
HK1	PDE1B
HK1	PDE2A
HK1	PFKP
HK1	PIP5K1C
HK1	PPP2R1A
HK1	PPP2R2A
HK1	PPP2R5D
HK1	PPP2R5E
HK1	PRKCE
HK1	PRKCG
HK1	PTBP1
HK1	RALY
HK1	RASA1
HK1	RHOT1
HK1	RMDN3
HK1	SARS2
HK1	SIRPA
HK1	SLC25A12
HK1	SLC25A13
HK1	SNAP91
HK1	SNX30
HK1	SOGA3
HK1	STXBP1
HK1	SYNPR
HK1	SYT1
HK1	SYT5
HK1	TOMM70
HK1	TPP1
HK1	TPRG1L
HK1	TRAP1
HK1	USP5
HK1	VPS35
HK1	VPS51
HK1	WASF1
HSPA4L	IGSF8
HSPA4L	IGSF9B
HSPA4L	ILF3
HSPA4L	IMMT
HSPA4L	IQSEC1
HSPA4L	KIF5C
HSPA4L	LETM1
HSPA4L	LONP1
HSPA4L	MCCC2
HSPA4L	MGLL
HSPA4L	NCKAP1
HSPA4L	NSF
HSPA4L	NT5C2
HSPA4L	OGDH
HSPA4L	PCYOX1
HSPA4L	PDE1B
HSPA4L	PDE2A
HSPA4L	PFKP
HSPA4L	PIP5K1C
HSPA4L	PPP2R2A
HSPA4L	PPP2R5D
HSPA4L	PRKCE
HSPA4L	PRKCG
HSPA4L	PTBP1
HSPA4L	RALY
HSPA4L	RASA1
HSPA4L	RMDN3
HSPA4L	SLC25A12
HSPA4L	SLC25A13
HSPA4L	SNAP91
HSPA4L	SNX30
HSPA4L	SOGA3
HSPA4L	STXBP1
HSPA4L	SYT1
HSPA4L	SYT5
HSPA4L	TOM1
HSPA4L	TOMM70
HSPA4L	TPP1
HSPA4L	TPRG1L
HSPA4L	TRAP1
HSPA4L	USP5
IGSF8	IGSF9B
IGSF8	IMMT
IGSF8	IQSEC1
IGSF8	KIF2A
IGSF8	KIF5C
IGSF8	LETM1
IGSF8	LONP1
IGSF8	MGLL
IGSF8	NCKAP1
IGSF8	NLGN2
IGSF8	NSF
IGSF8	NT5C2
IGSF8	OGDH
IGSF8	OGT
IGSF8	PDE1B
IGSF8	PDE2A
IGSF8	PFKP
IGSF8	PIP5K1C
IGSF8	PPP2R1A
IGSF8	PPP2R5D
IGSF8	PPP2R5E
IGSF8	PRKCE
IGSF8	PRKCG
IGSF8	PTBP1
IGSF8	RALY
IGSF8	RASA1
IGSF8	RHOT1
IGSF8	SLC25A12
IGSF8	SLC25A13
IGSF8	SNAP91
IGSF8	SNX30
IGSF8	SOGA3
IGSF8	STXBP1
IGSF8	SYNPR
IGSF8	SYT1
IGSF8	SYT5
IGSF8	TOM1
IGSF8	TOMM70
IGSF8	TPRG1L
IGSF8	TRAP1
IGSF8	USP5
IGSF8	VPS35
IGSF8	WASF1
IGSF9B	ILF3
IGSF9B	IMMT
IGSF9B	IQSEC1
IGSF9B	KIF5C
IGSF9B	E7EVH7
IGSF9B	LETM1
IGSF9B	LONP1
IGSF9B	MCCC2
IGSF9B	MGLL
IGSF9B	MROH1
IGSF9B	NCKAP1
IGSF9B	NECAB2
IGSF9B	NLGN2
IGSF9B	NSF
IGSF9B	NT5C2
IGSF9B	OGDH
IGSF9B	OGT
IGSF9B	PCYOX1
IGSF9B	PDCD6IP
IGSF9B	PDE1B
IGSF9B	PDE2A
IGSF9B	PFKP
IGSF9B	PIP5K1C
IGSF9B	PPP2R1A
IGSF9B	PPP2R2A
IGSF9B	PPP2R5D
IGSF9B	PPP2R5E
IGSF9B	PRKCE
IGSF9B	PRKCG
IGSF9B	PTBP1
IGSF9B	RALY
IGSF9B	RASA1
IGSF9B	RHOT1
IGSF9B	RMDN3
IGSF9B	SARS2
IGSF9B	SIRPA
IGSF9B	SLC25A12
IGSF9B	SLC25A13
IGSF9B	SNAP91
IGSF9B	SNX30
IGSF9B	SOGA3
IGSF9B	STXBP1
IGSF9B	SYNPR
IGSF9B	SYT1
IGSF9B	SYT5
IGSF9B	TBC1D17
IGSF9B	TOM1
IGSF9B	TOM1L2
IGSF9B	TOMM70
IGSF9B	TPP1
IGSF9B	TPRG1L
IGSF9B	TRAP1
IGSF9B	UGGT1
IGSF9B	USP5
IGSF9B	VPS35
IGSF9B	VPS51
IGSF9B	WASF1
ILF3	IMMT
ILF3	IQSEC1
ILF3	KIF5C
ILF3	LETM1
ILF3	NCKAP1
ILF3	NECAB2
ILF3	NLGN2
ILF3	NSF
ILF3	NT5C2
ILF3	OGDH
ILF3	OGT
ILF3	PDCD6IP
ILF3	PDE2A
ILF3	PIP5K1C
ILF3	PPP2R1A
ILF3	PPP2R5E
ILF3	PRKCE
ILF3	PRKCG
ILF3	PTBP1
ILF3	RASA1
ILF3	RHOT1
ILF3	SLC25A12
ILF3	SLC25A13
ILF3	SNAP91
ILF3	SNX30
ILF3	SOGA3
ILF3	STXBP1
ILF3	SYNPR
ILF3	SYT1
ILF3	TBC1D17
ILF3	TOM1
ILF3	TOM1L2
ILF3	TOMM70
ILF3	TPRG1L
ILF3	TRAP1
ILF3	WASF1
IMMT	IQSEC1
IMMT	KIF2A
IMMT	KIF5C
IMMT	E7EVH7
IMMT	KPNB1
IMMT	LETM1
IMMT	LONP1
IMMT	LRRC40
IMMT	MCCC2
IMMT	MGLL
IMMT	NCKAP1
IMMT	NECAB2
IMMT	NLGN2
IMMT	NSF
IMMT	NT5C2
IMMT	OGDH
IMMT	OGT
IMMT	PCYOX1
IMMT	PDCD6IP
IMMT	PDE1B
IMMT	PDE2A
IMMT	PFKP
IMMT	PIP5K1C
IMMT	PPP2R1A
IMMT	PPP2R2A
IMMT	PPP2R5D
IMMT	PPP2R5E
IMMT	PRKCE
IMMT	PRKCG
IMMT	PTBP1
IMMT	RALY
IMMT	RASA1
IMMT	RHOT1
IMMT	RMDN3
IMMT	SARS2
IMMT	SIRPA
IMMT	SLC25A12
IMMT	SLC25A13
IMMT	SNAP91
IMMT	SNX30
IMMT	SOGA3
IMMT	STXBP1
IMMT	SYNPR
IMMT	SYT1
IMMT	SYT5
IMMT	TBC1D17
IMMT	TNPO3
IMMT	TOM1
IMMT	TOM1L2
IMMT	TOMM70
IMMT	TPP1
IMMT	TPRG1L
IMMT	TRAP1
IMMT	UGGT1
IMMT	USP5
IMMT	VPS35
IMMT	VPS51
IMMT	WASF1
IQSEC1	KIF2A
IQSEC1	KIF5C
IQSEC1	E7EVH7
IQSEC1	LETM1
IQSEC1	LONP1
IQSEC1	LRRC40
IQSEC1	MGLL
IQSEC1	NCKAP1
IQSEC1	NECAB2
IQSEC1	NLGN2
IQSEC1	NSF
IQSEC1	NT5C2
IQSEC1	OGDH
IQSEC1	OGT
IQSEC1	PCYOX1
IQSEC1	PDCD6IP
IQSEC1	PDE1B
IQSEC1	PDE2A
IQSEC1	PFKP
IQSEC1	PIP5K1C
IQSEC1	PPP2R1A
IQSEC1	PPP2R2A
IQSEC1	PPP2R5D
IQSEC1	PPP2R5E
IQSEC1	PRKCE
IQSEC1	PRKCG
IQSEC1	PTBP1
IQSEC1	RALY
IQSEC1	RASA1
IQSEC1	RHOT1
IQSEC1	RMDN3
IQSEC1	SARS2
IQSEC1	SIRPA
IQSEC1	SLC25A12
IQSEC1	SLC25A13
IQSEC1	SNAP91
IQSEC1	SNX30
IQSEC1	SOGA3
IQSEC1	STXBP1
IQSEC1	SYNPR
IQSEC1	SYT1
IQSEC1	SYT5
IQSEC1	TBC1D17
IQSEC1	TNPO3
IQSEC1	TOM1
IQSEC1	TOM1L2
IQSEC1	TOMM70
IQSEC1	TPP1
IQSEC1	TPRG1L
IQSEC1	TRAP1
IQSEC1	UGGT1
IQSEC1	USP5
IQSEC1	VPS35
IQSEC1	VPS51
IQSEC1	WASF1
KIF2A	KIF5C
KIF2A	KPNB1
KIF2A	LETM1
KIF2A	LONP1
KIF2A	LRRC40
KIF2A	NCKAP1
KIF2A	NLGN2
KIF2A	NSF
KIF2A	NT5C2
KIF2A	OGDH
KIF2A	OGT
KIF2A	PDCD6IP
KIF2A	PDE2A
KIF2A	PFKP
KIF2A	PIP5K1C
KIF2A	PPP2R1A
KIF2A	PRKCG
KIF2A	RASA1
KIF2A	RHOT1
KIF2A	SLC25A12
KIF2A	SLC25A13
KIF2A	SNAP91
KIF2A	SOGA3
KIF2A	STXBP1
KIF2A	SYT1
KIF2A	TBC1D17
KIF2A	TNPO3
KIF2A	TOMM70
KIF2A	TRAP1
KIF2A	UGGT1
KIF2A	USP5
KIF2A	VPS35
KIF5C	E7EVH7
KIF5C	KPNB1
KIF5C	LETM1
KIF5C	LONP1
KIF5C	LRRC40
KIF5C	MCCC2
KIF5C	MGLL
KIF5C	NCKAP1
KIF5C	NECAB2
KIF5C	NLGN2
KIF5C	NSF
KIF5C	NT5C2
KIF5C	OGDH
KIF5C	OGT
KIF5C	PCYOX1
KIF5C	PDCD6IP
KIF5C	PDE1B
KIF5C	PDE2A
KIF5C	PFKP
KIF5C	PIP5K1C
KIF5C	PPP2R1A
KIF5C	PPP2R2A
KIF5C	PPP2R5D
KIF5C	PPP2R5E
KIF5C	PRKCE
KIF5C	PRKCG
KIF5C	PTBP1
KIF5C	RALY
KIF5C	RASA1
KIF5C	RHOT1
KIF5C	RMDN3
KIF5C	SARS2
KIF5C	SIRPA
KIF5C	SLC25A12
KIF5C	SLC25A13
KIF5C	SNAP91
KIF5C	SNX30
KIF5C	SOGA3
KIF5C	STXBP1
KIF5C	SYNPR
KIF5C	SYT1
KIF5C	SYT5
KIF5C	TBC1D17
KIF5C	TNPO3
KIF5C	TOM1
KIF5C	TOM1L2
KIF5C	TOMM70
KIF5C	TPP1
KIF5C	TPRG1L
KIF5C	TRAP1
KIF5C	UGGT1
KIF5C	USP5
KIF5C	VPS35
KIF5C	VPS51
KIF5C	WASF1
E7EVH7	LETM1
E7EVH7	LRRC40
E7EVH7	MGLL
E7EVH7	NCKAP1
E7EVH7	NECAB2
E7EVH7	NLGN2
E7EVH7	NSF
E7EVH7	NT5C2
E7EVH7	OGDH
E7EVH7	OGT
E7EVH7	PCYOX1
E7EVH7	PDE2A
E7EVH7	PFKP
E7EVH7	PIP5K1C
E7EVH7	PPP2R1A
E7EVH7	PPP2R5D
E7EVH7	PPP2R5E
E7EVH7	PRKCE
E7EVH7	PRKCG
E7EVH7	PTBP1
E7EVH7	RASA1
E7EVH7	RHOT1
E7EVH7	SARS2
E7EVH7	SIRPA
E7EVH7	SLC25A12
E7EVH7	SNAP91
E7EVH7	SNX30
E7EVH7	SOGA3
E7EVH7	STXBP1
E7EVH7	SYNPR
E7EVH7	SYT1
E7EVH7	SYT5
E7EVH7	TOM1L2
E7EVH7	TOMM70
E7EVH7	UGGT1
E7EVH7	USP5
E7EVH7	VPS35
E7EVH7	VPS51
E7EVH7	WASF1
KPNB1	LONP1
KPNB1	LRRC40
KPNB1	NCKAP1
KPNB1	NLGN2
KPNB1	OGT
KPNB1	PDE2A
KPNB1	PRKCG
KPNB1	RASA1
KPNB1	RHOT1
KPNB1	TBC1D17
KPNB1	TNPO3
KPNB1	TOMM70
KPNB1	UGGT1
KPNB1	USP5
KPNB1	VPS35
LETM1	LONP1
LETM1	LRRC40
LETM1	MCCC2
LETM1	MGLL
LETM1	NCKAP1
LETM1	NECAB2
LETM1	NLGN2
LETM1	NSF
LETM1	NT5C2
LETM1	OGDH
LETM1	OGT
LETM1	PCYOX1
LETM1	PDCD6IP
LETM1	PDE1B
LETM1	PDE2A
LETM1	PFKP
LETM1	PIP5K1C
LETM1	PPP2R1A
LETM1	PPP2R2A
LETM1	PPP2R5D
LETM1	PPP2R5E
LETM1	PRKCE
LETM1	PRKCG
LETM1	PTBP1
LETM1	RALY
LETM1	RASA1
LETM1	RHOT1
LETM1	RMDN3
LETM1	SARS2
LETM1	SIRPA
LETM1	SLC25A12
LETM1	SLC25A13
LETM1	SNAP91
LETM1	SNX30
LETM1	SOGA3
LETM1	STXBP1
LETM1	SYNPR
LETM1	SYT1
LETM1	SYT5
LETM1	TBC1D17
LETM1	TNPO3
LETM1	TOM1
LETM1	TOM1L2
LETM1	TOMM70
LETM1	TPP1
LETM1	TPRG1L
LETM1	TRAP1
LETM1	UGGT1
LETM1	USP5
LETM1	VPS35
LETM1	VPS51
LETM1	WASF1
LONP1	LRRC40
LONP1	NCKAP1
LONP1	NLGN2
LONP1	NSF
LONP1	NT5C2
LONP1	OGDH
LONP1	OGT
LONP1	PDE1B
LONP1	PDE2A
LONP1	PFKP
LONP1	PIP5K1C
LONP1	PPP2R1A
LONP1	PRKCE
LONP1	PRKCG
LONP1	RALY
LONP1	RASA1
LONP1	RHOT1
LONP1	SLC25A12
LONP1	SLC25A13
LONP1	SNX30
LONP1	SOGA3
LONP1	STXBP1
LONP1	SYNPR
LONP1	SYT1
LONP1	SYT5
LONP1	TBC1D17
LONP1	TNPO3
LONP1	TOMM70
LONP1	TRAP1
LONP1	UGGT1
LONP1	USP5
LONP1	VPS35
LRRC40	NCKAP1
LRRC40	NECAB2
LRRC40	NLGN2
LRRC40	NSF
LRRC40	NT5C2
LRRC40	OGDH
LRRC40	OGT
LRRC40	PDCD6IP
LRRC40	PDE2A
LRRC40	PIP5K1C
LRRC40	PPP2R1A
LRRC40	PRKCE
LRRC40	PRKCG
LRRC40	RASA1
LRRC40	RHOT1
LRRC40	SNAP91
LRRC40	SOGA3
LRRC40	STXBP1
LRRC40	SYT1
LRRC40	TBC1D17
LRRC40	TOMM70
LRRC40	TRAP1
LRRC40	UGGT1
LRRC40	USP5
LRRC40	VPS35
MCCC2	NSF
MCCC2	NT5C2
MCCC2	OGDH
MCCC2	PCYOX1
MCCC2	PDCD6IP
MCCC2	PDE2A
MCCC2	PFKP
MCCC2	PIP5K1C
MCCC2	PPP2R1A
MCCC2	PRKCE
MCCC2	PRKCG
MCCC2	PTBP1
MCCC2	RALY
MCCC2	SLC25A12
MCCC2	SNAP91
MCCC2	SOGA3
MCCC2	STXBP1
MCCC2	SYT1
MCCC2	SYT5
MCCC2	TOMM70
MCCC2	USP5
MCCC2	WASF1
MGLL	NCKAP1
MGLL	NECAB2
MGLL	NSF
MGLL	NT5C2
MGLL	OGDH
MGLL	PCYOX1
MGLL	PDE1B
MGLL	PDE2A
MGLL	PFKP
MGLL	PIP5K1C
MGLL	PPP2R1A
MGLL	PPP2R2A
MGLL	PPP2R5D
MGLL	PPP2R5E
MGLL	PRKCE
MGLL	PRKCG
MGLL	PTBP1
MGLL	RALY
MGLL	RASA1
MGLL	RHOT1
MGLL	RMDN3
MGLL	SARS2
MGLL	SIRPA
MGLL	SLC25A12
MGLL	SLC25A13
MGLL	SNAP91
MGLL	SNX30
MGLL	SOGA3
MGLL	STXBP1
MGLL	SYNPR
MGLL	SYT1
MGLL	SYT5
MGLL	TOM1L2
MGLL	TOMM70
MGLL	TPP1
MGLL	TPRG1L
MGLL	USP5
MGLL	VPS35
MGLL	VPS51
MGLL	WASF1
MROH1	NCKAP1
MROH1	PDE2A
MROH1	PRKCG
MROH1	TOMM70
NCKAP1	NECAB2
NCKAP1	NLGN2
NCKAP1	NSF
NCKAP1	NT5C2
NCKAP1	OGDH
NCKAP1	OGT
NCKAP1	PCYOX1
NCKAP1	PDCD6IP
NCKAP1	PDE1B
NCKAP1	PDE2A
NCKAP1	PFKP
NCKAP1	PIP5K1C
NCKAP1	PPP2R1A
NCKAP1	PPP2R2A
NCKAP1	PPP2R5D
NCKAP1	PPP2R5E
NCKAP1	PRKCE
NCKAP1	PRKCG
NCKAP1	PTBP1
NCKAP1	RALY
NCKAP1	RASA1
NCKAP1	RHOT1
NCKAP1	RMDN3
NCKAP1	SARS2
NCKAP1	SIRPA
NCKAP1	SLC25A12
NCKAP1	SLC25A13
NCKAP1	SNAP91
NCKAP1	SNX30
NCKAP1	SOGA3
NCKAP1	STXBP1
NCKAP1	SYNPR
NCKAP1	SYT1
NCKAP1	SYT5
NCKAP1	TBC1D17
NCKAP1	TNPO3
NCKAP1	TOM1
NCKAP1	TOM1L2
NCKAP1	TOMM70
NCKAP1	TPP1
NCKAP1	TPRG1L
NCKAP1	TRAP1
NCKAP1	UGGT1
NCKAP1	USP5
NCKAP1	VPS35
NCKAP1	VPS51
NCKAP1	WASF1
NECAB2	NLGN2
NECAB2	NSF
NECAB2	NT5C2
NECAB2	OGDH
NECAB2	OGT
NECAB2	PCYOX1
NECAB2	PDCD6IP
NECAB2	PDE1B
NECAB2	PDE2A
NECAB2	PFKP
NECAB2	PIP5K1C
NECAB2	PPP2R1A
NECAB2	PPP2R5E
NECAB2	PRKCE
NECAB2	PRKCG
NECAB2	PTBP1
NECAB2	RASA1
NECAB2	RHOT1
NECAB2	SIRPA
NECAB2	SLC25A12
NECAB2	SLC25A13
NECAB2	SNAP91
NECAB2	SNX30
NECAB2	SOGA3
NECAB2	STXBP1
NECAB2	SYNPR
NECAB2	SYT1
NECAB2	SYT5
NECAB2	TBC1D17
NECAB2	TOM1
NECAB2	TOM1L2
NECAB2	TOMM70
NECAB2	TPRG1L
NECAB2	TRAP1
NECAB2	UGGT1
NECAB2	USP5
NECAB2	VPS35
NECAB2	VPS51
NECAB2	WASF1
NLGN2	NSF
NLGN2	NT5C2
NLGN2	OGDH
NLGN2	OGT
NLGN2	PCYOX1
NLGN2	PDCD6IP
NLGN2	PDE1B
NLGN2	PDE2A
NLGN2	PFKP
NLGN2	PIP5K1C
NLGN2	PPP2R1A
NLGN2	PPP2R5D
NLGN2	PPP2R5E
NLGN2	PRKCE
NLGN2	PRKCG
NLGN2	PTBP1
NLGN2	RALY
NLGN2	RASA1
NLGN2	RHOT1
NLGN2	SARS2
NLGN2	SIRPA
NLGN2	SLC25A12
NLGN2	SLC25A13
NLGN2	SNAP91
NLGN2	SNX30
NLGN2	SOGA3
NLGN2	STXBP1
NLGN2	SYNPR
NLGN2	SYT1
NLGN2	SYT5
NLGN2	TBC1D17
NLGN2	TNPO3
NLGN2	TOM1
NLGN2	TOMM70
NLGN2	TPRG1L
NLGN2	TRAP1
NLGN2	UGGT1
NLGN2	USP5
NLGN2	VPS35
NLGN2	WASF1
NSF	NT5C2
NSF	OGDH
NSF	OGT
NSF	PCYOX1
NSF	PDCD6IP
NSF	PDE1B
NSF	PDE2A
NSF	PFKP
NSF	PIP5K1C
NSF	PPP2R1A
NSF	PPP2R2A
NSF	PPP2R5D
NSF	PPP2R5E
NSF	PRKCE
NSF	PRKCG
NSF	PTBP1
NSF	RALY
NSF	RASA1
NSF	RHOT1
NSF	RMDN3
NSF	SARS2
NSF	SIRPA
NSF	SLC25A12
NSF	SLC25A13
NSF	SNAP91
NSF	SNX30
NSF	SOGA3
NSF	STXBP1
NSF	SYNPR
NSF	SYT1
NSF	SYT5
NSF	TBC1D17
NSF	TNPO3
NSF	TOM1
NSF	TOM1L2
NSF	TOMM70
NSF	TPP1
NSF	TPRG1L
NSF	TRAP1
NSF	UGGT1
NSF	USP5
NSF	VPS35
NSF	VPS51
NSF	WASF1
NT5C2	OGDH
NT5C2	OGT
NT5C2	PCYOX1
NT5C2	PDCD6IP
NT5C2	PDE1B
NT5C2	PDE2A
NT5C2	PFKP
NT5C2	PIP5K1C
NT5C2	PPP2R1A
NT5C2	PPP2R2A
NT5C2	PPP2R5D
NT5C2	PPP2R5E
NT5C2	PRKCE
NT5C2	PRKCG
NT5C2	PTBP1
NT5C2	RALY
NT5C2	RASA1
NT5C2	RHOT1
NT5C2	RMDN3
NT5C2	SARS2
NT5C2	SIRPA
NT5C2	SLC25A12
NT5C2	SLC25A13
NT5C2	SNAP91
NT5C2	SNX30
NT5C2	SOGA3
NT5C2	STXBP1
NT5C2	SYNPR
NT5C2	SYT1
NT5C2	SYT5
NT5C2	TBC1D17
NT5C2	TNPO3
NT5C2	TOMM70
NT5C2	TPP1
NT5C2	TPRG1L
NT5C2	TRAP1
NT5C2	UGGT1
NT5C2	USP5
NT5C2	VPS35
NT5C2	VPS51
NT5C2	WASF1
OGDH	OGT
OGDH	PCYOX1
OGDH	PDCD6IP
OGDH	PDE1B
OGDH	PDE2A
OGDH	PFKP
OGDH	PIP5K1C
OGDH	PPP2R1A
OGDH	PPP2R2A
OGDH	PPP2R5D
OGDH	PPP2R5E
OGDH	PRKCE
OGDH	PRKCG
OGDH	PTBP1
OGDH	RALY
OGDH	RASA1
OGDH	RHOT1
OGDH	RMDN3
OGDH	SARS2
OGDH	SIRPA
OGDH	SLC25A12
OGDH	SLC25A13
OGDH	SNAP91
OGDH	SNX30
OGDH	SOGA3
OGDH	STXBP1
OGDH	SYNPR
OGDH	SYT1
OGDH	SYT5
OGDH	TBC1D17
OGDH	TNPO3
OGDH	TOM1
OGDH	TOMM70
OGDH	TPRG1L
OGDH	TRAP1
OGDH	UGGT1
OGDH	USP5
OGDH	VPS35
OGDH	WASF1
OGT	PDE1B
OGT	PDE2A
OGT	PFKP
OGT	PIP5K1C
OGT	PPP2R1A
OGT	PPP2R5D
OGT	PPP2R5E
OGT	PRKCE
OGT	PRKCG
OGT	PTBP1
OGT	RALY
OGT	RASA1
OGT	RHOT1
OGT	SIRPA
OGT	SLC25A12
OGT	SLC25A13
OGT	SNAP91
OGT	SNX30
OGT	SOGA3
OGT	STXBP1
OGT	SYNPR
OGT	SYT1
OGT	SYT5
OGT	TBC1D17
OGT	TNPO3
OGT	TOM1
OGT	TOMM70
OGT	TPRG1L
OGT	TRAP1
OGT	UGGT1
OGT	USP5
OGT	VPS35
OGT	VPS51
OGT	WASF1
PCYOX1	PDE2A
PCYOX1	PFKP
PCYOX1	PIP5K1C
PCYOX1	PPP2R1A
PCYOX1	PPP2R2A
PCYOX1	PPP2R5E
PCYOX1	PRKCE
PCYOX1	PRKCG
PCYOX1	PTBP1
PCYOX1	RALY
PCYOX1	RASA1
PCYOX1	RMDN3
PCYOX1	SLC25A12
PCYOX1	SNAP91
PCYOX1	SNX30
PCYOX1	SOGA3
PCYOX1	STXBP1
PCYOX1	SYT1
PCYOX1	TOMM70
PCYOX1	USP5
PCYOX1	WASF1
PDCD6IP	PDE1B
PDCD6IP	PDE2A
PDCD6IP	PFKP
PDCD6IP	PIP5K1C
PDCD6IP	PPP2R1A
PDCD6IP	PRKCE
PDCD6IP	PRKCG
PDCD6IP	RHOT1
PDCD6IP	SLC25A12
PDCD6IP	SLC25A13
PDCD6IP	SNAP91
PDCD6IP	SNX30
PDCD6IP	SOGA3
PDCD6IP	STXBP1
PDCD6IP	SYT1
PDCD6IP	SYT5
PDCD6IP	TOMM70
PDCD6IP	TPRG1L
PDCD6IP	TRAP1
PDCD6IP	USP5
PDCD6IP	VPS35
PDE1B	PDE2A
PDE1B	PFKP
PDE1B	PIP5K1C
PDE1B	PPP2R1A
PDE1B	PPP2R5E
PDE1B	PRKCE
PDE1B	PRKCG
PDE1B	PTBP1
PDE1B	RASA1
PDE1B	RHOT1
PDE1B	SLC25A12
PDE1B	SLC25A13
PDE1B	SNAP91
PDE1B	SNX30
PDE1B	SOGA3
PDE1B	STXBP1
PDE1B	SYNPR
PDE1B	SYT1
PDE1B	SYT5
PDE1B	TOMM70
PDE1B	TPRG1L
PDE1B	TRAP1
PDE1B	USP5
PDE1B	VPS35
PDE1B	WASF1
PDE2A	PFKP
PDE2A	PIP5K1C
PDE2A	PPP2R1A
PDE2A	PPP2R2A
PDE2A	PPP2R5D
PDE2A	PPP2R5E
PDE2A	PRKCE
PDE2A	PRKCG
PDE2A	PTBP1
PDE2A	RALY
PDE2A	RASA1
PDE2A	RHOT1
PDE2A	RMDN3
PDE2A	SARS2
PDE2A	SIRPA
PDE2A	SLC25A12
PDE2A	SLC25A13
PDE2A	SNAP91
PDE2A	SNX30
PDE2A	SOGA3
PDE2A	STXBP1
PDE2A	SYNPR
PDE2A	SYT1
PDE2A	SYT5
PDE2A	TBC1D17
PDE2A	TNPO3
PDE2A	TOM1
PDE2A	TOM1L2
PDE2A	TOMM70
PDE2A	TPP1
PDE2A	TPRG1L
PDE2A	TRAP1
PDE2A	UGGT1
PDE2A	USP5
PDE2A	VPS35
PDE2A	VPS51
PDE2A	WASF1
PFKP	PIP5K1C
PFKP	PPP2R1A
PFKP	PPP2R2A
PFKP	PPP2R5D
PFKP	PPP2R5E
PFKP	PRKCE
PFKP	PRKCG
PFKP	PTBP1
PFKP	RALY
PFKP	RASA1
PFKP	RHOT1
PFKP	RMDN3
PFKP	SARS2
PFKP	SIRPA
PFKP	SLC25A12
PFKP	SLC25A13
PFKP	SNAP91
PFKP	SNX30
PFKP	SOGA3
PFKP	STXBP1
PFKP	SYNPR
PFKP	SYT1
PFKP	SYT5
PFKP	TOMM70
PFKP	TPP1
PFKP	TPRG1L
PFKP	TRAP1
PFKP	USP5
PFKP	VPS35
PFKP	WASF1
PIP5K1C	PPP2R1A
PIP5K1C	PPP2R2A
PIP5K1C	PPP2R5D
PIP5K1C	PPP2R5E
PIP5K1C	PRKCE
PIP5K1C	PRKCG
PIP5K1C	PTBP1
PIP5K1C	RALY
PIP5K1C	RASA1
PIP5K1C	RHOT1
PIP5K1C	RMDN3
PIP5K1C	SARS2
PIP5K1C	SIRPA
PIP5K1C	SLC25A12
PIP5K1C	SLC25A13
PIP5K1C	SNAP91
PIP5K1C	SNX30
PIP5K1C	SOGA3
PIP5K1C	STXBP1
PIP5K1C	SYNPR
PIP5K1C	SYT1
PIP5K1C	SYT5
PIP5K1C	TBC1D17
PIP5K1C	TNPO3
PIP5K1C	TOM1
PIP5K1C	TOM1L2
PIP5K1C	TOMM70
PIP5K1C	TPP1
PIP5K1C	TPRG1L
PIP5K1C	TRAP1
PIP5K1C	UGGT1
PIP5K1C	USP5
PIP5K1C	VPS35
PIP5K1C	VPS51
PIP5K1C	WASF1
PPP2R1A	PPP2R5D
PPP2R1A	PPP2R5E
PPP2R1A	PRKCE
PPP2R1A	PRKCG
PPP2R1A	PTBP1
PPP2R1A	RALY
PPP2R1A	RASA1
PPP2R1A	RHOT1
PPP2R1A	SARS2
PPP2R1A	SIRPA
PPP2R1A	SLC25A12
PPP2R1A	SLC25A13
PPP2R1A	SNAP91
PPP2R1A	SNX30
PPP2R1A	SOGA3
PPP2R1A	STXBP1
PPP2R1A	SYNPR
PPP2R1A	SYT1
PPP2R1A	SYT5
PPP2R1A	TBC1D17
PPP2R1A	TNPO3
PPP2R1A	TOM1
PPP2R1A	TOM1L2
PPP2R1A	TOMM70
PPP2R1A	TPRG1L
PPP2R1A	TRAP1
PPP2R1A	UGGT1
PPP2R1A	USP5
PPP2R1A	VPS35
PPP2R1A	VPS51
PPP2R1A	WASF1
PPP2R2A	PPP2R5E
PPP2R2A	PRKCE
PPP2R2A	PRKCG
PPP2R2A	PTBP1
PPP2R2A	RALY
PPP2R2A	RASA1
PPP2R2A	RHOT1
PPP2R2A	RMDN3
PPP2R2A	SARS2
PPP2R2A	SLC25A12
PPP2R2A	SLC25A13
PPP2R2A	SNAP91
PPP2R2A	SNX30
PPP2R2A	SOGA3
PPP2R2A	STXBP1
PPP2R2A	SYT1
PPP2R2A	TOMM70
PPP2R2A	TPRG1L
PPP2R5D	PPP2R5E
PPP2R5D	PRKCE
PPP2R5D	PRKCG
PPP2R5D	PTBP1
PPP2R5D	RHOT1
PPP2R5D	SLC25A12
PPP2R5D	SLC25A13
PPP2R5D	SNAP91
PPP2R5D	SNX30
PPP2R5D	SOGA3
PPP2R5D	STXBP1
PPP2R5D	SYNPR
PPP2R5D	SYT1
PPP2R5D	SYT5
PPP2R5D	TBC1D17
PPP2R5D	TOMM70
PPP2R5D	USP5
PPP2R5D	VPS35
PPP2R5D	VPS51
PPP2R5D	WASF1
PPP2R5E	PRKCE
PPP2R5E	PRKCG
PPP2R5E	PTBP1
PPP2R5E	RASA1
PPP2R5E	RHOT1
PPP2R5E	RMDN3
PPP2R5E	SARS2
PPP2R5E	SIRPA
PPP2R5E	SLC25A12
PPP2R5E	SLC25A13
PPP2R5E	SNAP91
PPP2R5E	SNX30
PPP2R5E	SOGA3
PPP2R5E	STXBP1
PPP2R5E	SYNPR
PPP2R5E	SYT1
PPP2R5E	SYT5
PPP2R5E	TBC1D17
PPP2R5E	TNPO3
PPP2R5E	TOM1
PPP2R5E	TOM1L2
PPP2R5E	TOMM70
PPP2R5E	TPP1
PPP2R5E	TPRG1L
PPP2R5E	TRAP1
PPP2R5E	UGGT1
PPP2R5E	USP5
PPP2R5E	VPS35
PPP2R5E	VPS51
PPP2R5E	WASF1
PRKCE	PRKCG
PRKCE	PTBP1
PRKCE	RALY
PRKCE	RASA1
PRKCE	RHOT1
PRKCE	RMDN3
PRKCE	SARS2
PRKCE	SIRPA
PRKCE	SLC25A12
PRKCE	SLC25A13
PRKCE	SNAP91
PRKCE	SNX30
PRKCE	SOGA3
PRKCE	STXBP1
PRKCE	SYNPR
PRKCE	SYT1
PRKCE	SYT5
PRKCE	TBC1D17
PRKCE	TNPO3
PRKCE	TOM1
PRKCE	TOM1L2
PRKCE	TOMM70
PRKCE	TPP1
PRKCE	TPRG1L
PRKCE	TRAP1
PRKCE	UGGT1
PRKCE	USP5
PRKCE	VPS35
PRKCE	VPS51
PRKCE	WASF1
PRKCG	PTBP1
PRKCG	RALY
PRKCG	RASA1
PRKCG	RHOT1
PRKCG	RMDN3
PRKCG	SARS2
PRKCG	SIRPA
PRKCG	SLC25A12
PRKCG	SLC25A13
PRKCG	SNAP91
PRKCG	SNX30
PRKCG	SOGA3
PRKCG	STXBP1
PRKCG	SYNPR
PRKCG	SYT1
PRKCG	SYT5
PRKCG	TBC1D17
PRKCG	TNPO3
PRKCG	TOM1
PRKCG	TOM1L2
PRKCG	TOMM70
PRKCG	TPP1
PRKCG	TPRG1L
PRKCG	TRAP1
PRKCG	UGGT1
PRKCG	USP5
PRKCG	VPS35
PRKCG	VPS51
PRKCG	WASF1
PTBP1	RALY
PTBP1	RASA1
PTBP1	RHOT1
PTBP1	RMDN3
PTBP1	SARS2
PTBP1	SIRPA
PTBP1	SLC25A12
PTBP1	SLC25A13
PTBP1	SNAP91
PTBP1	SNX30
PTBP1	SOGA3
PTBP1	STXBP1
PTBP1	SYNPR
PTBP1	SYT1
PTBP1	SYT5
PTBP1	TOM1
PTBP1	TOM1L2
PTBP1	TOMM70
PTBP1	TPP1
PTBP1	TPRG1L
PTBP1	TRAP1
PTBP1	UGGT1
PTBP1	USP5
PTBP1	VPS35
PTBP1	VPS51
PTBP1	WASF1
RALY	RASA1
RALY	RHOT1
RALY	RMDN3
RALY	SLC25A12
RALY	SLC25A13
RALY	SNAP91
RALY	SNX30
RALY	SOGA3
RALY	STXBP1
RALY	SYT1
RALY	SYT5
RALY	TOMM70
RALY	TRAP1
RALY	USP5
RALY	VPS35
RASA1	RHOT1
RASA1	RMDN3
RASA1	SARS2
RASA1	SIRPA
RASA1	SLC25A12
RASA1	SLC25A13
RASA1	SNAP91
RASA1	SNX30
RASA1	SOGA3
RASA1	SYNPR
RASA1	SYT1
RASA1	SYT5
RASA1	TBC1D17
RASA1	TNPO3
RASA1	TOM1
RASA1	TOM1L2
RASA1	TOMM70
RASA1	TPP1
RASA1	TPRG1L
RASA1	TRAP1
RASA1	UGGT1
RASA1	USP5
RASA1	VPS35
RHOT1	RMDN3
RHOT1	SARS2
RHOT1	SIRPA
RHOT1	SLC25A12
RHOT1	SLC25A13
RHOT1	SNAP91
RHOT1	SNX30
RHOT1	SOGA3
RHOT1	STXBP1
RHOT1	SYNPR
RHOT1	SYT1
RHOT1	SYT5
RHOT1	TBC1D17
RHOT1	TNPO3
RHOT1	TOM1
RHOT1	TOMM70
RHOT1	TPRG1L
RHOT1	TRAP1
RHOT1	UGGT1
RHOT1	USP5
RHOT1	VPS35
RHOT1	VPS51
RHOT1	WASF1
RMDN3	SARS2
RMDN3	SIRPA
RMDN3	SLC25A12
RMDN3	SLC25A13
RMDN3	SNAP91
RMDN3	SNX30
RMDN3	SOGA3
RMDN3	STXBP1
RMDN3	SYT1
RMDN3	TOM1
RMDN3	TOMM70
RMDN3	WASF1
SARS2	SLC25A12
SARS2	SLC25A13
SARS2	SNAP91
SARS2	SNX30
SARS2	SOGA3
SARS2	STXBP1
SARS2	SYT1
SARS2	TOMM70
SARS2	TPP1
SARS2	USP5
SARS2	WASF1
SIRPA	SLC25A12
SIRPA	SLC25A13
SIRPA	SNAP91
SIRPA	SNX30
SIRPA	SOGA3
SIRPA	STXBP1
SIRPA	SYNPR
SIRPA	SYT1
SIRPA	SYT5
SIRPA	TOM1L2
SIRPA	TOMM70
SIRPA	TPRG1L
SIRPA	USP5
SIRPA	WASF1
SLC25A12	SLC25A13
SLC25A12	SNAP91
SLC25A12	SNX30
SLC25A12	SOGA3
SLC25A12	STXBP1
SLC25A12	SYNPR
SLC25A12	SYT1
SLC25A12	SYT5
SLC25A12	TBC1D17
SLC25A12	TNPO3
SLC25A12	TOM1
SLC25A12	TOMM70
SLC25A12	TPP1
SLC25A12	TPRG1L
SLC25A12	TRAP1
SLC25A12	USP5
SLC25A12	VPS35
SLC25A12	VPS51
SLC25A12	WASF1
SLC25A13	SNAP91
SLC25A13	SNX30
SLC25A13	SOGA3
SLC25A13	STXBP1
SLC25A13	SYNPR
SLC25A13	SYT1
SLC25A13	SYT5
SLC25A13	TBC1D17
SLC25A13	TNPO3
SLC25A13	TOM1
SLC25A13	TOMM70
SLC25A13	TPP1
SLC25A13	TPRG1L
SLC25A13	TRAP1
SLC25A13	USP5
SLC25A13	VPS35
SLC25A13	WASF1
SNAP91	SNX30
SNAP91	SOGA3
SNAP91	STXBP1
SNAP91	SYNPR
SNAP91	SYT1
SNAP91	SYT5
SNAP91	TBC1D17
SNAP91	TOM1
SNAP91	TOM1L2
SNAP91	TOMM70
SNAP91	TPP1
SNAP91	TPRG1L
SNAP91	TRAP1
SNAP91	UGGT1
SNAP91	USP5
SNAP91	VPS35
SNAP91	VPS51
SNAP91	WASF1
SNX30	SOGA3
SNX30	STXBP1
SNX30	SYNPR
SNX30	SYT1
SNX30	SYT5
SNX30	TBC1D17
SNX30	TOM1
SNX30	TOM1L2
SNX30	TOMM70
SNX30	TPP1
SNX30	TPRG1L
SNX30	TRAP1
SNX30	UGGT1
SNX30	USP5
SNX30	VPS35
SNX30	VPS51
SNX30	WASF1
SOGA3	STXBP1
SOGA3	SYNPR
SOGA3	SYT1
SOGA3	SYT5
SOGA3	TBC1D17
SOGA3	TNPO3
SOGA3	TOM1
SOGA3	TOM1L2
SOGA3	TOMM70
SOGA3	TPP1
SOGA3	TPRG1L
SOGA3	TRAP1
SOGA3	UGGT1
SOGA3	USP5
SOGA3	VPS35
SOGA3	VPS51
SOGA3	WASF1
STXBP1	SYNPR
STXBP1	SYT1
STXBP1	SYT5
STXBP1	TBC1D17
STXBP1	TOM1
STXBP1	TOM1L2
STXBP1	TOMM70
STXBP1	TPP1
STXBP1	TPRG1L
STXBP1	TRAP1
STXBP1	USP5
STXBP1	VPS35
STXBP1	VPS51
STXBP1	WASF1
SYNPR	SYT1
SYNPR	SYT5
SYNPR	TBC1D17
SYNPR	TNPO3
SYNPR	TOM1
SYNPR	TOMM70
SYNPR	TPP1
SYNPR	TPRG1L
SYNPR	TRAP1
SYNPR	USP5
SYNPR	VPS35
SYNPR	VPS51
SYNPR	WASF1
SYT1	SYT5
SYT1	TOM1L2
SYT1	TOMM70
SYT1	TPP1
SYT1	TPRG1L
SYT1	TRAP1
SYT1	USP5
SYT1	VPS35
SYT1	VPS51
SYT1	WASF1
SYT5	TOMM70
SYT5	TPP1
SYT5	TPRG1L
SYT5	TRAP1
SYT5	USP5
SYT5	VPS35
SYT5	WASF1
TBC1D17	TNPO3
TBC1D17	TOM1
TBC1D17	TOMM70
TBC1D17	TRAP1
TBC1D17	UGGT1
TBC1D17	USP5
TBC1D17	WASF1
TNPO3	TOMM70
TNPO3	USP5
TNPO3	VPS35
TOM1	TOM1L2
TOM1	TOMM70
TOM1	TPRG1L
TOM1	TRAP1
TOM1	WASF1
TOM1L2	TOMM70
TOM1L2	TPRG1L
TOM1L2	WASF1
TOMM70	TPP1
TOMM70	TPRG1L
TOMM70	TRAP1
TOMM70	UGGT1
TOMM70	USP5
TOMM70	VPS35
TOMM70	VPS51
TOMM70	WASF1
TPP1	WASF1
TPRG1L	TRAP1
TPRG1L	WASF1
TRAP1	USP5
TRAP1	VPS35
TRAP1	WASF1
UGGT1	USP5
UGGT1	VPS51
UGGT1	WASF1
USP5	VPS35
USP5	WASF1
VPS35	WASF1
VPS51	WASF1
