ABAT	ABHD10
ABAT	ACAA1
ABAT	ACAT1
ABAT	ACAT2
ABAT	ACO2
ABAT	ACOT13
ABAT	ACP1
ABAT	ACYP2
ABAT	ALDH5A1
ABAT	ANXA3
ABAT	ANXA6
ABAT	AUH
ABAT	NAXD
ABAT	CNRIP1
ABAT	CPNE1
ABAT	CRMP1
ABAT	CTBP1
ABAT	DCXR
ABAT	DLD
ABAT	DPYSL2
ABAT	DPYSL3
ABAT	DPYSL4
ABAT	DPYSL5
ABAT	DTD1
ABAT	ECH1
ABAT	ECHS1
ABAT	EIF3L
ABAT	ETFB
ABAT	GABARAPL2
ABAT	GAPDH
ABAT	GRB2
ABAT	GSS
ABAT	HADH
ABAT	HSP90AA1
ABAT	HSP90AB1
ABAT	HSP90AB4P
ABAT	HSP90B1
ABAT	HSPA8
ABAT	HSPA9
ABAT	RUBCNL
ABAT	LANCL1
ABAT	LASP1
ABAT	MAT2B
ABAT	MCTS1
ABAT	MDH2
ABAT	NDUFS4
ABAT	NIF3L1
ABAT	PDCD6
ABAT	PKM
ABAT	PPIB
ABAT	PTPN11
ABAT	S100A13
ABAT	SARS
ABAT	SDHA
ABAT	SOD2
ABAT	SSBP1
ABAT	STIP1
ABAT	SYN1
ABAT	A0A087WW96
ABAT	TMEM30A
ABAT	UBE2V2
ABAT	UQCRC2
ABHD10	ACAA1
ABHD10	ACAT1
ABHD10	ACAT2
ABHD10	ACO2
ABHD10	ACOT13
ABHD10	ACP1
ABHD10	ACYP2
ABHD10	ALDH3A2
ABHD10	ALDH5A1
ABHD10	ANXA11
ABHD10	ANXA3
ABHD10	ANXA6
ABHD10	ANXA7
ABHD10	AUH
ABHD10	CACYBP
ABHD10	NAXD
ABHD10	CCT4
ABHD10	CIRBP
ABHD10	COPS5
ABHD10	CPLX3
ABHD10	CPNE1
ABHD10	CPNE5
ABHD10	CRMP1
ABHD10	CTBP1
ABHD10	CYCS
ABHD10	DCTN5
ABHD10	DCXR
ABHD10	DECR1
ABHD10	DLD
ABHD10	DPYSL2
ABHD10	DPYSL3
ABHD10	DPYSL4
ABHD10	DPYSL5
ABHD10	DTD1
ABHD10	ECH1
ABHD10	ECHS1
ABHD10	EIF3L
ABHD10	EPDR1
ABHD10	ERP29
ABHD10	ETFB
ABHD10	FAF2
ABHD10	FKBP3
ABHD10	FUS
ABHD10	GABARAPL2
ABHD10	GAPDH
ABHD10	RACK1
ABHD10	GPS1
ABHD10	GRB2
ABHD10	GSS
ABHD10	HADH
ABHD10	HAGH
ABHD10	HSP90AB1
ABHD10	HSP90AB4P
ABHD10	HSPA8
ABHD10	HSPA9
ABHD10	A0A087WZW8
ABHD10	ISCU
ABHD10	ITGB8
ABHD10	KHSRP
ABHD10	RUBCNL
ABHD10	LANCL1
ABHD10	LASP1
ABHD10	MAP6D1
ABHD10	MAPT
ABHD10	MAT2B
ABHD10	MBP
ABHD10	MCTS1
ABHD10	MDH2
ABHD10	NDUFA7
ABHD10	NDUFS4
ABHD10	NDUFS5
ABHD10	NIF3L1
ABHD10	NIPSNAP3A
ABHD10	NIPSNAP3B
ABHD10	PABPC1
ABHD10	PDAP1
ABHD10	PDCD6
ABHD10	PEF1
ABHD10	PITHD1
ABHD10	PKM
ABHD10	PLD3
ABHD10	PPIB
ABHD10	PRPSAP2
ABHD10	PTPN11
ABHD10	RPLP1
ABHD10	RPS12
ABHD10	S100A13
ABHD10	SARS
ABHD10	SDHA
ABHD10	SEPTIN11
ABHD10	SH3BGRL2
ABHD10	SOD2
ABHD10	SRI
ABHD10	SSBP1
ABHD10	STIP1
ABHD10	STMN1
ABHD10	STMN2
ABHD10	SYN1
ABHD10	A0A087WW96
ABHD10	TXNL1
ABHD10	UBE2V2
ABHD10	UQCRB
ABHD10	UQCRC2
ABHD10	VPS13C
ACAA1	ACAT1
ACAA1	ACAT2
ACAA1	ACO2
ACAA1	ACOT13
ACAA1	ACP1
ACAA1	ACYP2
ACAA1	ALDH5A1
ACAA1	ANXA11
ACAA1	ANXA3
ACAA1	ANXA6
ACAA1	ANXA7
ACAA1	AUH
ACAA1	NAXD
ACAA1	CCT4
ACAA1	CNRIP1
ACAA1	CPNE1
ACAA1	CPNE5
ACAA1	CRMP1
ACAA1	CTBP1
ACAA1	CYCS
ACAA1	DCTN5
ACAA1	DCXR
ACAA1	DECR1
ACAA1	DLD
ACAA1	DPYSL2
ACAA1	DPYSL3
ACAA1	DPYSL4
ACAA1	DPYSL5
ACAA1	DTD1
ACAA1	ECH1
ACAA1	ECHS1
ACAA1	EIF3L
ACAA1	EPDR1
ACAA1	ERP29
ACAA1	ETFB
ACAA1	FKBP3
ACAA1	GABARAPL2
ACAA1	GAPDH
ACAA1	RACK1
ACAA1	GPS1
ACAA1	GRB2
ACAA1	GSS
ACAA1	HADH
ACAA1	HAGH
ACAA1	HP
ACAA1	HSP90AA1
ACAA1	HSP90AB1
ACAA1	HSP90AB4P
ACAA1	HSP90B1
ACAA1	HSPA6
ACAA1	HSPA8
ACAA1	A0A087WZW8
ACAA1	ISCU
ACAA1	KHSRP
ACAA1	RUBCNL
ACAA1	LANCL1
ACAA1	LASP1
ACAA1	MAPT
ACAA1	MAT2B
ACAA1	MBP
ACAA1	MCTS1
ACAA1	MDH2
ACAA1	NDUFA7
ACAA1	NDUFS4
ACAA1	NDUFS5
ACAA1	NIF3L1
ACAA1	NIPSNAP3A
ACAA1	PDAP1
ACAA1	PDCD6
ACAA1	PEF1
ACAA1	PITHD1
ACAA1	PKM
ACAA1	PLD3
ACAA1	PPIB
ACAA1	PTPN11
ACAA1	S100A13
ACAA1	SH3BGRL2
ACAA1	SOD2
ACAA1	SRI
ACAA1	SSBP1
ACAA1	STIP1
ACAA1	STMN1
ACAA1	STMN2
ACAA1	SYN1
ACAA1	UBE2V2
ACAA1	UQCRB
ACAA1	UQCRC2
ACAA1	VPS13C
ACAT1	ACAT2
ACAT1	ACO2
ACAT1	ACOT13
ACAT1	ACP1
ACAT1	ACYP2
ACAT1	ALDH3A2
ACAT1	ALDH5A1
ACAT1	ANXA11
ACAT1	ANXA3
ACAT1	ANXA6
ACAT1	ANXA7
ACAT1	AUH
ACAT1	NAXD
ACAT1	CCT4
ACAT1	CNRIP1
ACAT1	COPS5
ACAT1	CPLX3
ACAT1	CPNE1
ACAT1	CPNE5
ACAT1	CRMP1
ACAT1	CTBP1
ACAT1	CYCS
ACAT1	DCTN5
ACAT1	DCXR
ACAT1	DECR1
ACAT1	DLD
ACAT1	DPYSL2
ACAT1	DPYSL3
ACAT1	DPYSL4
ACAT1	DPYSL5
ACAT1	DTD1
ACAT1	ECH1
ACAT1	ECHS1
ACAT1	EEF1A2
ACAT1	EIF3L
ACAT1	EPDR1
ACAT1	ERP29
ACAT1	ETFB
ACAT1	FAF2
ACAT1	FKBP3
ACAT1	FTH1
ACAT1	FUS
ACAT1	GABARAPL2
ACAT1	GAPDH
ACAT1	RACK1
ACAT1	GPS1
ACAT1	GRB2
ACAT1	GSS
ACAT1	HADH
ACAT1	HAGH
ACAT1	HP
ACAT1	HSP90AA1
ACAT1	HSP90AB1
ACAT1	HSP90AB4P
ACAT1	HSP90B1
ACAT1	HSPA6
ACAT1	HSPA8
ACAT1	HSPA9
ACAT1	A0A087WZW8
ACAT1	ISCU
ACAT1	ITGB8
ACAT1	KHSRP
ACAT1	RUBCNL
ACAT1	LANCL1
ACAT1	LASP1
ACAT1	MAP6D1
ACAT1	MAPT
ACAT1	MAT2B
ACAT1	MBP
ACAT1	MCTS1
ACAT1	MDH2
ACAT1	NAP1L1
ACAT1	NDUFA7
ACAT1	NDUFS4
ACAT1	NDUFS5
ACAT1	NIF3L1
ACAT1	NIPSNAP3A
ACAT1	NIPSNAP3B
ACAT1	PABPC1
ACAT1	PDAP1
ACAT1	PDCD6
ACAT1	PEF1
ACAT1	PITHD1
ACAT1	PKM
ACAT1	PLD3
ACAT1	PPIB
ACAT1	PPP5C
ACAT1	PRPSAP2
ACAT1	PTPN11
ACAT1	RAB27B
ACAT1	RPS12
ACAT1	S100A13
ACAT1	SARS
ACAT1	SDHA
ACAT1	SEPTIN11
ACAT1	SH3BGRL2
ACAT1	SOD2
ACAT1	SRI
ACAT1	SSBP1
ACAT1	STIP1
ACAT1	STMN1
ACAT1	STMN2
ACAT1	STX4
ACAT1	SYN1
ACAT1	A0A087WW96
ACAT1	TMEM30A
ACAT1	TXNL1
ACAT1	UBE2V2
ACAT1	UQCRB
ACAT1	UQCRC2
ACAT1	VPS13C
ACAT2	ACO2
ACAT2	ACOT13
ACAT2	ACP1
ACAT2	ACYP2
ACAT2	ALDH3A2
ACAT2	ALDH5A1
ACAT2	ANXA11
ACAT2	ANXA3
ACAT2	ANXA6
ACAT2	ANXA7
ACAT2	AUH
ACAT2	NAXD
ACAT2	CCT4
ACAT2	CNRIP1
ACAT2	CPLX3
ACAT2	CPNE1
ACAT2	CPNE5
ACAT2	CRMP1
ACAT2	CTBP1
ACAT2	CYCS
ACAT2	DCXR
ACAT2	DECR1
ACAT2	DLD
ACAT2	DPYSL2
ACAT2	DPYSL3
ACAT2	DPYSL4
ACAT2	DPYSL5
ACAT2	DTD1
ACAT2	ECH1
ACAT2	ECHS1
ACAT2	EIF3L
ACAT2	EPDR1
ACAT2	ERP29
ACAT2	ETFB
ACAT2	FAF2
ACAT2	FKBP3
ACAT2	GABARAPL2
ACAT2	GAPDH
ACAT2	RACK1
ACAT2	GPS1
ACAT2	GRB2
ACAT2	GSS
ACAT2	HADH
ACAT2	HAGH
ACAT2	HP
ACAT2	HSPA6
ACAT2	HSPA8
ACAT2	A0A087WZW8
ACAT2	ISCU
ACAT2	KHSRP
ACAT2	RUBCNL
ACAT2	LANCL1
ACAT2	LASP1
ACAT2	MAPT
ACAT2	MAT2B
ACAT2	MCTS1
ACAT2	MDH2
ACAT2	NAP1L1
ACAT2	NDUFA7
ACAT2	NDUFS4
ACAT2	NDUFS5
ACAT2	NIF3L1
ACAT2	NIPSNAP3A
ACAT2	PDAP1
ACAT2	PDCD6
ACAT2	PEF1
ACAT2	PITHD1
ACAT2	PKM
ACAT2	PLD3
ACAT2	PPIB
ACAT2	PTPN11
ACAT2	S100A13
ACAT2	SARS
ACAT2	SH3BGRL2
ACAT2	SOD2
ACAT2	SRI
ACAT2	SSBP1
ACAT2	STIP1
ACAT2	STMN1
ACAT2	STMN2
ACAT2	STX4
ACAT2	SYN1
ACAT2	UBE2V2
ACAT2	UQCRB
ACAT2	UQCRC2
ACAT2	VPS13C
ACO2	ACOT13
ACO2	ACP1
ACO2	ACYP2
ACO2	ALDH5A1
ACO2	ANXA3
ACO2	ANXA6
ACO2	ANXA7
ACO2	AUH
ACO2	NAXD
ACO2	CNRIP1
ACO2	CNTN2
ACO2	CPLX3
ACO2	CPNE1
ACO2	CPNE5
ACO2	CRAT
ACO2	CRMP1
ACO2	CTBP1
ACO2	DCXR
ACO2	DECR1
ACO2	DLD
ACO2	DPYSL2
ACO2	DPYSL3
ACO2	DPYSL4
ACO2	DPYSL5
ACO2	DTD1
ACO2	ECH1
ACO2	ECHS1
ACO2	EIF3L
ACO2	ERP29
ACO2	ETFB
ACO2	GABARAPL2
ACO2	GAPDH
ACO2	RACK1
ACO2	GRB2
ACO2	GSS
ACO2	HADH
ACO2	HAGH
ACO2	HSP90AB1
ACO2	HSP90AB4P
ACO2	HSPA6
ACO2	HSPA8
ACO2	HSPA9
ACO2	RUBCNL
ACO2	LANCL1
ACO2	LASP1
ACO2	MAPT
ACO2	MAT2B
ACO2	MCTS1
ACO2	MDH2
ACO2	NDUFS4
ACO2	NIF3L1
ACO2	NIPSNAP3A
ACO2	NIPSNAP3B
ACO2	PABPC1
ACO2	PDCD6
ACO2	PEF1
ACO2	PITHD1
ACO2	PKM
ACO2	PPIB
ACO2	PPP5C
ACO2	PTPN11
ACO2	S100A13
ACO2	SARS
ACO2	SDHA
ACO2	SEPTIN11
ACO2	SOD2
ACO2	SSBP1
ACO2	STIP1
ACO2	STMN2
ACO2	SYN1
ACO2	A0A087WW96
ACO2	TXNL1
ACO2	UBE2V2
ACO2	UQCRC2
ACOT13	ACP1
ACOT13	ACYP2
ACOT13	ALDH3A2
ACOT13	ALDH5A1
ACOT13	ANXA11
ACOT13	ANXA3
ACOT13	ANXA6
ACOT13	ANXA7
ACOT13	AUH
ACOT13	CACYBP
ACOT13	NAXD
ACOT13	CCT4
ACOT13	CIRBP
ACOT13	CNRIP1
ACOT13	CNTN2
ACOT13	COPS5
ACOT13	CPLX3
ACOT13	CPNE1
ACOT13	CPNE5
ACOT13	CRAT
ACOT13	CRMP1
ACOT13	CTBP1
ACOT13	CYCS
ACOT13	DCTN5
ACOT13	DCXR
ACOT13	DECR1
ACOT13	DLD
ACOT13	DPYSL2
ACOT13	DPYSL3
ACOT13	DPYSL4
ACOT13	DPYSL5
ACOT13	DTD1
ACOT13	ECH1
ACOT13	ECHS1
ACOT13	EEF1A2
ACOT13	EIF3L
ACOT13	EPDR1
ACOT13	ERP29
ACOT13	ETFB
ACOT13	FAF2
ACOT13	FKBP3
ACOT13	FTH1
ACOT13	FUS
ACOT13	GABARAPL2
ACOT13	GAPDH
ACOT13	RACK1
ACOT13	GPS1
ACOT13	GRB2
ACOT13	GSS
ACOT13	HADH
ACOT13	HAGH
ACOT13	HNRNPL
ACOT13	HP
ACOT13	HSP90AA1
ACOT13	HSP90AB1
ACOT13	HSP90AB4P
ACOT13	HSP90B1
ACOT13	HSPA6
ACOT13	HSPA8
ACOT13	HSPA9
ACOT13	A0A087WZW8
ACOT13	ISCU
ACOT13	ITGB8
ACOT13	KHSRP
ACOT13	RUBCNL
ACOT13	LANCL1
ACOT13	LASP1
ACOT13	MAP6D1
ACOT13	MAPT
ACOT13	MAT2B
ACOT13	MBP
ACOT13	MCTS1
ACOT13	MDH2
ACOT13	NAP1L1
ACOT13	NDUFA7
ACOT13	NDUFS4
ACOT13	NDUFS5
ACOT13	NIF3L1
ACOT13	NIPSNAP3A
ACOT13	NIPSNAP3B
ACOT13	PABPC1
ACOT13	PDAP1
ACOT13	PDCD6
ACOT13	PEF1
ACOT13	PITHD1
ACOT13	PKM
ACOT13	PLD3
ACOT13	PPIB
ACOT13	PPIL1
ACOT13	PPP5C
ACOT13	PRPSAP2
ACOT13	PTPN11
ACOT13	RAB27B
ACOT13	RPLP1
ACOT13	RPS12
ACOT13	S100A13
ACOT13	SARS
ACOT13	SDHA
ACOT13	SEPTIN11
ACOT13	SH3BGRL2
ACOT13	SOD2
ACOT13	SRI
ACOT13	SSBP1
ACOT13	STIP1
ACOT13	STMN1
ACOT13	STMN2
ACOT13	STX4
ACOT13	SYN1
ACOT13	A0A087WW96
ACOT13	TMEM30A
ACOT13	TXNL1
ACOT13	UBE2V2
ACOT13	UQCRB
ACOT13	UQCRC2
ACOT13	VPS13C
ACP1	ACYP2
ACP1	ALDH3A2
ACP1	ALDH5A1
ACP1	ANXA11
ACP1	ANXA3
ACP1	ANXA6
ACP1	ANXA7
ACP1	AUH
ACP1	CACYBP
ACP1	NAXD
ACP1	CCT4
ACP1	CNRIP1
ACP1	CNTN2
ACP1	COPS5
ACP1	CPLX3
ACP1	CPNE1
ACP1	CPNE5
ACP1	CRAT
ACP1	CRMP1
ACP1	CTBP1
ACP1	CYCS
ACP1	DCTN5
ACP1	DCXR
ACP1	DECR1
ACP1	DLD
ACP1	DPYSL2
ACP1	DPYSL3
ACP1	DPYSL4
ACP1	DPYSL5
ACP1	DTD1
ACP1	ECH1
ACP1	ECHS1
ACP1	EEF1A2
ACP1	EIF3L
ACP1	EPDR1
ACP1	ERP29
ACP1	ETFB
ACP1	FAF2
ACP1	FKBP3
ACP1	FTH1
ACP1	FUS
ACP1	GABARAPL2
ACP1	GAPDH
ACP1	RACK1
ACP1	GPS1
ACP1	GRB2
ACP1	GSS
ACP1	HADH
ACP1	HAGH
ACP1	HNRNPL
ACP1	HP
ACP1	HSP90AA1
ACP1	HSP90AB1
ACP1	HSP90AB4P
ACP1	HSPA6
ACP1	HSPA8
ACP1	A0A087WZW8
ACP1	ISCU
ACP1	KHSRP
ACP1	RUBCNL
ACP1	LANCL1
ACP1	LASP1
ACP1	MAP6D1
ACP1	MAPT
ACP1	MAT2B
ACP1	MBP
ACP1	MCTS1
ACP1	MDH2
ACP1	NAP1L1
ACP1	NDUFA7
ACP1	NDUFS4
ACP1	NDUFS5
ACP1	NIF3L1
ACP1	NIPSNAP3A
ACP1	NIPSNAP3B
ACP1	PABPC1
ACP1	PDAP1
ACP1	PDCD6
ACP1	PEF1
ACP1	PITHD1
ACP1	PKM
ACP1	PLD3
ACP1	PPIB
ACP1	PPIL1
ACP1	PPP5C
ACP1	PRPSAP2
ACP1	PTPN11
ACP1	RPS12
ACP1	S100A13
ACP1	SARS
ACP1	SDHA
ACP1	SH3BGRL2
ACP1	SOD2
ACP1	SRI
ACP1	SSBP1
ACP1	STIP1
ACP1	STMN1
ACP1	STMN2
ACP1	STX4
ACP1	SYN1
ACP1	A0A087WW96
ACP1	TXNL1
ACP1	UBE2V2
ACP1	UQCRB
ACP1	UQCRC2
ACP1	VPS13C
ACYP2	ALDH3A2
ACYP2	ALDH5A1
ACYP2	ANXA11
ACYP2	ANXA3
ACYP2	ANXA6
ACYP2	ANXA7
ACYP2	AUH
ACYP2	CACYBP
ACYP2	NAXD
ACYP2	CCT4
ACYP2	CNRIP1
ACYP2	COPS5
ACYP2	CPLX3
ACYP2	CPNE1
ACYP2	CPNE5
ACYP2	CRMP1
ACYP2	CTBP1
ACYP2	CYCS
ACYP2	DCTN5
ACYP2	DCXR
ACYP2	DECR1
ACYP2	DLD
ACYP2	DPYSL2
ACYP2	DPYSL3
ACYP2	DPYSL4
ACYP2	DPYSL5
ACYP2	DTD1
ACYP2	ECH1
ACYP2	ECHS1
ACYP2	EEF1A2
ACYP2	EIF3L
ACYP2	EPDR1
ACYP2	ERP29
ACYP2	ETFB
ACYP2	FAF2
ACYP2	FKBP3
ACYP2	FTH1
ACYP2	FUS
ACYP2	GABARAPL2
ACYP2	GAPDH
ACYP2	RACK1
ACYP2	GPS1
ACYP2	GRB2
ACYP2	GSS
ACYP2	HADH
ACYP2	HAGH
ACYP2	HNRNPL
ACYP2	HP
ACYP2	HSP90AB1
ACYP2	HSP90AB4P
ACYP2	HSPA6
ACYP2	HSPA8
ACYP2	HSPA9
ACYP2	A0A087WZW8
ACYP2	ISCU
ACYP2	ITGB8
ACYP2	KHSRP
ACYP2	RUBCNL
ACYP2	LANCL1
ACYP2	LASP1
ACYP2	MAP6D1
ACYP2	MAPT
ACYP2	MAT2B
ACYP2	MBP
ACYP2	MCTS1
ACYP2	MDH2
ACYP2	NAP1L1
ACYP2	NDUFA7
ACYP2	NDUFS4
ACYP2	NDUFS5
ACYP2	NIF3L1
ACYP2	NIPSNAP3A
ACYP2	NIPSNAP3B
ACYP2	PABPC1
ACYP2	PDAP1
ACYP2	PDCD6
ACYP2	PEF1
ACYP2	PITHD1
ACYP2	PKM
ACYP2	PLD3
ACYP2	PPIB
ACYP2	PPP5C
ACYP2	PRPSAP2
ACYP2	PTPN11
ACYP2	RAB27B
ACYP2	RPS12
ACYP2	S100A13
ACYP2	SARS
ACYP2	SDHA
ACYP2	SH3BGRL2
ACYP2	SOD2
ACYP2	SRI
ACYP2	SSBP1
ACYP2	STIP1
ACYP2	STMN1
ACYP2	STMN2
ACYP2	STX4
ACYP2	SYN1
ACYP2	TXNL1
ACYP2	UBE2V2
ACYP2	UQCRB
ACYP2	UQCRC2
ACYP2	VPS13C
ALDH3A2	ALDH5A1
ALDH3A2	ANXA3
ALDH3A2	ANXA6
ALDH3A2	ANXA7
ALDH3A2	AUH
ALDH3A2	NAXD
ALDH3A2	COPS5
ALDH3A2	CPLX3
ALDH3A2	CPNE5
ALDH3A2	CRMP1
ALDH3A2	CTBP1
ALDH3A2	CYCS
ALDH3A2	DCXR
ALDH3A2	DECR1
ALDH3A2	DLD
ALDH3A2	DPYSL2
ALDH3A2	DPYSL3
ALDH3A2	DPYSL4
ALDH3A2	DPYSL5
ALDH3A2	DTD1
ALDH3A2	ECHS1
ALDH3A2	EPDR1
ALDH3A2	ERP29
ALDH3A2	ETFB
ALDH3A2	FKBP3
ALDH3A2	GABARAPL2
ALDH3A2	GAPDH
ALDH3A2	GRB2
ALDH3A2	GSS
ALDH3A2	HAGH
ALDH3A2	HSPA8
ALDH3A2	ISCU
ALDH3A2	ITGB8
ALDH3A2	KHSRP
ALDH3A2	MAP6D1
ALDH3A2	MAPT
ALDH3A2	MAT2B
ALDH3A2	MBP
ALDH3A2	MCTS1
ALDH3A2	MDH2
ALDH3A2	NDUFA7
ALDH3A2	NDUFS4
ALDH3A2	NDUFS5
ALDH3A2	NIF3L1
ALDH3A2	NIPSNAP3A
ALDH3A2	PDAP1
ALDH3A2	PDCD6
ALDH3A2	PEF1
ALDH3A2	PKM
ALDH3A2	PLD3
ALDH3A2	PPP5C
ALDH3A2	PTPN11
ALDH3A2	RPS12
ALDH3A2	S100A13
ALDH3A2	SARS
ALDH3A2	SDHA
ALDH3A2	SH3BGRL2
ALDH3A2	SOD2
ALDH3A2	SRI
ALDH3A2	SSBP1
ALDH3A2	STIP1
ALDH3A2	STMN1
ALDH3A2	STMN2
ALDH3A2	STX4
ALDH3A2	SYN1
ALDH3A2	UBE2V2
ALDH3A2	UQCRB
ALDH5A1	ANXA3
ALDH5A1	ANXA6
ALDH5A1	ANXA7
ALDH5A1	AUH
ALDH5A1	NAXD
ALDH5A1	CCT4
ALDH5A1	CNRIP1
ALDH5A1	CNTN2
ALDH5A1	CPNE1
ALDH5A1	CPNE5
ALDH5A1	CRAT
ALDH5A1	CRMP1
ALDH5A1	CTBP1
ALDH5A1	DCTN5
ALDH5A1	DCXR
ALDH5A1	DECR1
ALDH5A1	DLD
ALDH5A1	DPYSL2
ALDH5A1	DPYSL3
ALDH5A1	DPYSL4
ALDH5A1	DPYSL5
ALDH5A1	DTD1
ALDH5A1	ECH1
ALDH5A1	ECHS1
ALDH5A1	EEF1A2
ALDH5A1	EIF3L
ALDH5A1	EPDR1
ALDH5A1	ERP29
ALDH5A1	ETFB
ALDH5A1	GABARAPL2
ALDH5A1	GAPDH
ALDH5A1	RACK1
ALDH5A1	GRB2
ALDH5A1	GSS
ALDH5A1	HADH
ALDH5A1	HAGH
ALDH5A1	HP
ALDH5A1	HSP90AB1
ALDH5A1	HSP90AB4P
ALDH5A1	HSPA6
ALDH5A1	HSPA8
ALDH5A1	HSPA9
ALDH5A1	A0A087WZW8
ALDH5A1	KHSRP
ALDH5A1	RUBCNL
ALDH5A1	LANCL1
ALDH5A1	MAPT
ALDH5A1	MAT2B
ALDH5A1	MBP
ALDH5A1	MCTS1
ALDH5A1	MDH2
ALDH5A1	NDUFA7
ALDH5A1	NDUFS4
ALDH5A1	NIF3L1
ALDH5A1	NIPSNAP3A
ALDH5A1	PABPC1
ALDH5A1	PDCD6
ALDH5A1	PITHD1
ALDH5A1	PKM
ALDH5A1	PLD3
ALDH5A1	PPIB
ALDH5A1	PPIL1
ALDH5A1	PPP5C
ALDH5A1	PTPN11
ALDH5A1	S100A13
ALDH5A1	SARS
ALDH5A1	SDHA
ALDH5A1	SEPTIN11
ALDH5A1	SOD2
ALDH5A1	SSBP1
ALDH5A1	STIP1
ALDH5A1	STMN1
ALDH5A1	STMN2
ALDH5A1	SYN1
ALDH5A1	A0A087WW96
ALDH5A1	TXNL1
ALDH5A1	UBE2V2
ALDH5A1	UQCRC2
ANXA11	ANXA3
ANXA11	ANXA6
ANXA11	ANXA7
ANXA11	AUH
ANXA11	NAXD
ANXA11	CPNE5
ANXA11	CRMP1
ANXA11	CTBP1
ANXA11	CYCS
ANXA11	DCXR
ANXA11	DLD
ANXA11	DPYSL2
ANXA11	DPYSL3
ANXA11	DPYSL5
ANXA11	DTD1
ANXA11	ECHS1
ANXA11	EEF1A2
ANXA11	EIF3L
ANXA11	EPDR1
ANXA11	ERP29
ANXA11	ETFB
ANXA11	FKBP3
ANXA11	FTH1
ANXA11	GABARAPL2
ANXA11	GAPDH
ANXA11	GRB2
ANXA11	GSS
ANXA11	HAGH
ANXA11	HP
ANXA11	A0A087WZW8
ANXA11	KHSRP
ANXA11	LANCL1
ANXA11	MAPT
ANXA11	MAT2B
ANXA11	MBP
ANXA11	MCTS1
ANXA11	MDH2
ANXA11	NAP1L1
ANXA11	NDUFA7
ANXA11	NDUFS4
ANXA11	NDUFS5
ANXA11	NIF3L1
ANXA11	NIPSNAP3A
ANXA11	PDAP1
ANXA11	PDCD6
ANXA11	PEF1
ANXA11	PITHD1
ANXA11	PKM
ANXA11	PPIB
ANXA11	RPS12
ANXA11	S100A13
ANXA11	SH3BGRL2
ANXA11	SOD2
ANXA11	SRI
ANXA11	SSBP1
ANXA11	STIP1
ANXA11	STMN1
ANXA11	SYN1
ANXA11	UBE2V2
ANXA11	UQCRB
ANXA3	ANXA6
ANXA3	ANXA7
ANXA3	AUH
ANXA3	NAXD
ANXA3	CCT4
ANXA3	CNRIP1
ANXA3	CNTN2
ANXA3	COPS5
ANXA3	CPLX3
ANXA3	CPNE1
ANXA3	CPNE5
ANXA3	CRAT
ANXA3	CRMP1
ANXA3	CTBP1
ANXA3	CYCS
ANXA3	DCTN5
ANXA3	DCXR
ANXA3	DECR1
ANXA3	DLD
ANXA3	DPYSL2
ANXA3	DPYSL3
ANXA3	DPYSL4
ANXA3	DPYSL5
ANXA3	DTD1
ANXA3	ECH1
ANXA3	ECHS1
ANXA3	EEF1A2
ANXA3	EIF3L
ANXA3	EPDR1
ANXA3	ERP29
ANXA3	ETFB
ANXA3	FKBP3
ANXA3	FUS
ANXA3	GABARAPL2
ANXA3	GAPDH
ANXA3	RACK1
ANXA3	GRB2
ANXA3	GSS
ANXA3	HADH
ANXA3	HAGH
ANXA3	HP
ANXA3	HSP90AB4P
ANXA3	HSPA6
ANXA3	HSPA8
ANXA3	HSPA9
ANXA3	A0A087WZW8
ANXA3	ISCU
ANXA3	ITGB8
ANXA3	KHSRP
ANXA3	RUBCNL
ANXA3	LANCL1
ANXA3	MAP6D1
ANXA3	MAPT
ANXA3	MAT2B
ANXA3	MBP
ANXA3	MCTS1
ANXA3	MDH2
ANXA3	NDUFA7
ANXA3	NDUFS4
ANXA3	NDUFS5
ANXA3	NIF3L1
ANXA3	NIPSNAP3A
ANXA3	NIPSNAP3B
ANXA3	PABPC1
ANXA3	PDAP1
ANXA3	PDCD6
ANXA3	PEF1
ANXA3	PITHD1
ANXA3	PKM
ANXA3	PLD3
ANXA3	PPIB
ANXA3	PPIL1
ANXA3	PPP5C
ANXA3	PTPN11
ANXA3	RPS12
ANXA3	S100A13
ANXA3	SARS
ANXA3	SDHA
ANXA3	SEPTIN11
ANXA3	SH3BGRL2
ANXA3	SOD2
ANXA3	SRI
ANXA3	SSBP1
ANXA3	STIP1
ANXA3	STMN1
ANXA3	STMN2
ANXA3	SYN1
ANXA3	A0A087WW96
ANXA3	TXNL1
ANXA3	UBE2V2
ANXA3	UQCRB
ANXA3	UQCRC2
ANXA3	VPS13C
ANXA6	ANXA7
ANXA6	AUH
ANXA6	NAXD
ANXA6	CCT4
ANXA6	CIRBP
ANXA6	CNRIP1
ANXA6	CNTN2
ANXA6	CPLX3
ANXA6	CPNE1
ANXA6	CPNE5
ANXA6	CRAT
ANXA6	CRMP1
ANXA6	CTBP1
ANXA6	CYCS
ANXA6	DCTN5
ANXA6	DCXR
ANXA6	DECR1
ANXA6	DLD
ANXA6	DPYSL2
ANXA6	DPYSL3
ANXA6	DPYSL4
ANXA6	DPYSL5
ANXA6	DTD1
ANXA6	ECH1
ANXA6	ECHS1
ANXA6	EEF1A2
ANXA6	EIF3L
ANXA6	EPDR1
ANXA6	ERP29
ANXA6	ETFB
ANXA6	FKBP3
ANXA6	FUS
ANXA6	GABARAPL2
ANXA6	GAPDH
ANXA6	RACK1
ANXA6	GRB2
ANXA6	GSS
ANXA6	HADH
ANXA6	HAGH
ANXA6	HP
ANXA6	HSP90AB1
ANXA6	HSP90AB4P
ANXA6	HSPA6
ANXA6	HSPA8
ANXA6	HSPA9
ANXA6	A0A087WZW8
ANXA6	ISCU
ANXA6	ITGB8
ANXA6	KHSRP
ANXA6	RUBCNL
ANXA6	LANCL1
ANXA6	LASP1
ANXA6	MAPT
ANXA6	MAT2B
ANXA6	MBP
ANXA6	MCTS1
ANXA6	MDH2
ANXA6	NDUFA7
ANXA6	NDUFS4
ANXA6	NDUFS5
ANXA6	NIF3L1
ANXA6	NIPSNAP3A
ANXA6	NIPSNAP3B
ANXA6	PABPC1
ANXA6	PDAP1
ANXA6	PDCD6
ANXA6	PEF1
ANXA6	PITHD1
ANXA6	PKM
ANXA6	PLD3
ANXA6	PPIB
ANXA6	PPIL1
ANXA6	PPP5C
ANXA6	PRPSAP2
ANXA6	PTPN11
ANXA6	S100A13
ANXA6	SARS
ANXA6	SDHA
ANXA6	SEPTIN11
ANXA6	SH3BGRL2
ANXA6	SOD2
ANXA6	SRI
ANXA6	SSBP1
ANXA6	STIP1
ANXA6	STMN1
ANXA6	STMN2
ANXA6	SYN1
ANXA6	A0A087WW96
ANXA6	TXNL1
ANXA6	UBE2V2
ANXA6	UQCRB
ANXA6	UQCRC2
ANXA6	VPS13C
ANXA7	AUH
ANXA7	CACYBP
ANXA7	NAXD
ANXA7	CCT4
ANXA7	CNRIP1
ANXA7	CNTN2
ANXA7	COPS5
ANXA7	CPLX3
ANXA7	CPNE1
ANXA7	CPNE5
ANXA7	CRAT
ANXA7	CRMP1
ANXA7	CTBP1
ANXA7	CYCS
ANXA7	DCXR
ANXA7	DECR1
ANXA7	DLD
ANXA7	DPYSL2
ANXA7	DPYSL3
ANXA7	DPYSL4
ANXA7	DPYSL5
ANXA7	DTD1
ANXA7	ECH1
ANXA7	ECHS1
ANXA7	EEF1A2
ANXA7	EIF3L
ANXA7	EPDR1
ANXA7	ERP29
ANXA7	ETFB
ANXA7	FAF2
ANXA7	FKBP3
ANXA7	FTH1
ANXA7	FUS
ANXA7	GABARAPL2
ANXA7	GAPDH
ANXA7	RACK1
ANXA7	GPS1
ANXA7	GRB2
ANXA7	GSS
ANXA7	HADH
ANXA7	HAGH
ANXA7	HP
ANXA7	HSP90AB1
ANXA7	HSPA6
ANXA7	HSPA8
ANXA7	HSPA9
ANXA7	A0A087WZW8
ANXA7	ISCU
ANXA7	KHSRP
ANXA7	RUBCNL
ANXA7	LANCL1
ANXA7	MAP6D1
ANXA7	MAPT
ANXA7	MAT2B
ANXA7	MBP
ANXA7	MCTS1
ANXA7	MDH2
ANXA7	NAP1L1
ANXA7	NDUFA7
ANXA7	NDUFS4
ANXA7	NDUFS5
ANXA7	NIF3L1
ANXA7	NIPSNAP3A
ANXA7	NIPSNAP3B
ANXA7	PABPC1
ANXA7	PDAP1
ANXA7	PDCD6
ANXA7	PEF1
ANXA7	PITHD1
ANXA7	PKM
ANXA7	PLD3
ANXA7	PPIB
ANXA7	PPIL1
ANXA7	PPP5C
ANXA7	PTPN11
ANXA7	RPS12
ANXA7	S100A13
ANXA7	SARS
ANXA7	SDHA
ANXA7	SH3BGRL2
ANXA7	SOD2
ANXA7	SRI
ANXA7	SSBP1
ANXA7	STIP1
ANXA7	STMN1
ANXA7	STMN2
ANXA7	STX4
ANXA7	SYN1
ANXA7	A0A087WW96
ANXA7	TXNL1
ANXA7	UBE2V2
ANXA7	UQCRB
ANXA7	UQCRC2
ANXA7	VPS13C
AUH	NAXD
AUH	CCT4
AUH	CIRBP
AUH	CNRIP1
AUH	CNTN2
AUH	COPS5
AUH	CPLX3
AUH	CPNE1
AUH	CPNE5
AUH	CRAT
AUH	CRMP1
AUH	CTBP1
AUH	CYCS
AUH	DCTN5
AUH	DCXR
AUH	DECR1
AUH	DLD
AUH	DPYSL2
AUH	DPYSL3
AUH	DPYSL4
AUH	DPYSL5
AUH	DTD1
AUH	ECH1
AUH	ECHS1
AUH	EEF1A2
AUH	EIF3L
AUH	EPDR1
AUH	ERP29
AUH	ETFB
AUH	FAF2
AUH	FKBP3
AUH	FUS
AUH	GABARAPL2
AUH	GAPDH
AUH	RACK1
AUH	GPS1
AUH	GRB2
AUH	GSS
AUH	HADH
AUH	HAGH
AUH	HP
AUH	HSP90AB1
AUH	HSP90AB4P
AUH	HSPA6
AUH	HSPA8
AUH	HSPA9
AUH	A0A087WZW8
AUH	ISCU
AUH	ITGB8
AUH	KHSRP
AUH	RUBCNL
AUH	LANCL1
AUH	LASP1
AUH	MAP6D1
AUH	MAPT
AUH	MAT2B
AUH	MBP
AUH	MCTS1
AUH	MDH2
AUH	NDUFA7
AUH	NDUFS4
AUH	NDUFS5
AUH	NIF3L1
AUH	NIPSNAP3A
AUH	NIPSNAP3B
AUH	PABPC1
AUH	PDAP1
AUH	PDCD6
AUH	PEF1
AUH	PITHD1
AUH	PKM
AUH	PLD3
AUH	PPIB
AUH	PPP5C
AUH	PRPSAP2
AUH	PTPN11
AUH	RPLP1
AUH	RPS12
AUH	S100A13
AUH	SARS
AUH	SDHA
AUH	SEPTIN11
AUH	SH3BGRL2
AUH	SOD2
AUH	SRI
AUH	SSBP1
AUH	STIP1
AUH	STMN1
AUH	STMN2
AUH	STX4
AUH	SYN1
AUH	A0A087WW96
AUH	TXNL1
AUH	UBE2V2
AUH	UQCRB
AUH	UQCRC2
AUH	VPS13C
CACYBP	CCT4
CACYBP	COPS5
CACYBP	CPLX3
CACYBP	CPNE5
CACYBP	CYCS
CACYBP	DECR1
CACYBP	DTD1
CACYBP	ECHS1
CACYBP	ERP29
CACYBP	ETFB
CACYBP	FAF2
CACYBP	FKBP3
CACYBP	FTH1
CACYBP	GABARAPL2
CACYBP	GAPDH
CACYBP	GRB2
CACYBP	HAGH
CACYBP	HNRNPL
CACYBP	ISCU
CACYBP	MBP
CACYBP	MDH2
CACYBP	NDUFA7
CACYBP	NDUFS4
CACYBP	NDUFS5
CACYBP	NIPSNAP3A
CACYBP	NUDC
CACYBP	PDCD6
CACYBP	PEF1
CACYBP	RPS12
CACYBP	S100A13
CACYBP	SH3BGRL2
CACYBP	SOD2
CACYBP	SRI
CACYBP	SSBP1
CACYBP	STIP1
CACYBP	STX4
CACYBP	SYN1
CACYBP	UBE2V2
CACYBP	UQCRB
NAXD	CCT4
NAXD	CIRBP
NAXD	CNRIP1
NAXD	CPNE1
NAXD	CPNE5
NAXD	CRMP1
NAXD	CTBP1
NAXD	CYCS
NAXD	DCTN5
NAXD	DCXR
NAXD	DECR1
NAXD	DLD
NAXD	DPYSL2
NAXD	DPYSL3
NAXD	DPYSL4
NAXD	DPYSL5
NAXD	DTD1
NAXD	ECH1
NAXD	ECHS1
NAXD	EIF3L
NAXD	EPDR1
NAXD	ERP29
NAXD	ETFB
NAXD	FKBP3
NAXD	FUS
NAXD	GABARAPL2
NAXD	GAPDH
NAXD	RACK1
NAXD	GPS1
NAXD	GRB2
NAXD	GSS
NAXD	HADH
NAXD	HAGH
NAXD	HP
NAXD	HSP90AB1
NAXD	HSP90AB4P
NAXD	HSPA6
NAXD	HSPA8
NAXD	HSPA9
NAXD	A0A087WZW8
NAXD	KHSRP
NAXD	RUBCNL
NAXD	LANCL1
NAXD	LASP1
NAXD	MAPT
NAXD	MAT2B
NAXD	MBP
NAXD	MCTS1
NAXD	MDH2
NAXD	NDUFA7
NAXD	NDUFS4
NAXD	NDUFS5
NAXD	NIF3L1
NAXD	NIPSNAP3A
NAXD	PABPC1
NAXD	PDAP1
NAXD	PDCD6
NAXD	PEF1
NAXD	PITHD1
NAXD	PKM
NAXD	PLD3
NAXD	PPIB
NAXD	PPP5C
NAXD	PRPSAP2
NAXD	PTPN11
NAXD	S100A13
NAXD	SARS
NAXD	SDHA
NAXD	SEPTIN11
NAXD	SH3BGRL2
NAXD	SOD2
NAXD	SRI
NAXD	SSBP1
NAXD	STIP1
NAXD	STMN1
NAXD	STMN2
NAXD	SYN1
NAXD	A0A087WW96
NAXD	TXNL1
NAXD	UBE2V2
NAXD	UQCRB
NAXD	UQCRC2
NAXD	VPS13C
CCT4	CNRIP1
CCT4	CNTN2
CCT4	CPLX3
CCT4	CPNE5
CCT4	CRMP1
CCT4	CTBP1
CCT4	CYCS
CCT4	DCXR
CCT4	DECR1
CCT4	DLD
CCT4	DPYSL2
CCT4	DPYSL3
CCT4	DPYSL4
CCT4	DPYSL5
CCT4	DTD1
CCT4	ECH1
CCT4	ECHS1
CCT4	EEF1A2
CCT4	EPDR1
CCT4	ERP29
CCT4	ETFB
CCT4	FKBP3
CCT4	GABARAPL2
CCT4	GAPDH
CCT4	RACK1
CCT4	GRB2
CCT4	GSS
CCT4	HADH
CCT4	HAGH
CCT4	HP
CCT4	HSPA8
CCT4	A0A087WZW8
CCT4	ISCU
CCT4	KHSRP
CCT4	RUBCNL
CCT4	LANCL1
CCT4	MAPT
CCT4	MAT2B
CCT4	MBP
CCT4	MCTS1
CCT4	MDH2
CCT4	NAP1L1
CCT4	NDUFA7
CCT4	NDUFS4
CCT4	NDUFS5
CCT4	NIF3L1
CCT4	NIPSNAP3A
CCT4	NUDC
CCT4	PDAP1
CCT4	PDCD6
CCT4	PEF1
CCT4	PITHD1
CCT4	PKM
CCT4	PPIB
CCT4	PPP5C
CCT4	PTPN11
CCT4	RPS12
CCT4	S100A13
CCT4	SARS
CCT4	SDHA
CCT4	SEPTIN11
CCT4	SH3BGRL2
CCT4	SOD2
CCT4	SRI
CCT4	SSBP1
CCT4	STIP1
CCT4	STMN1
CCT4	STMN2
CCT4	SYN1
CCT4	A0A087WW96
CCT4	TXNL1
CCT4	UBE2V2
CCT4	UQCRB
CCT4	UQCRC2
CIRBP	DCTN5
CIRBP	DTD1
CIRBP	ECHS1
CIRBP	FUS
CIRBP	GABARAPL2
CIRBP	HSP90AA1
CIRBP	HSP90AB4P
CIRBP	KHSRP
CIRBP	LANCL1
CIRBP	MAPT
CIRBP	NDUFS4
CIRBP	PDAP1
CIRBP	PDCD6
CIRBP	SSBP1
CIRBP	STMN1
CIRBP	STMN2
CIRBP	TMEM30A
CIRBP	UQCRC2
CNRIP1	CPNE1
CNRIP1	CPNE5
CNRIP1	CRAT
CNRIP1	CRMP1
CNRIP1	CTBP1
CNRIP1	DCXR
CNRIP1	DECR1
CNRIP1	DLD
CNRIP1	DPYSL2
CNRIP1	DPYSL3
CNRIP1	DPYSL4
CNRIP1	DPYSL5
CNRIP1	DTD1
CNRIP1	ECH1
CNRIP1	ECHS1
CNRIP1	EEF1A2
CNRIP1	ERP29
CNRIP1	ETFB
CNRIP1	GABARAPL2
CNRIP1	GAPDH
CNRIP1	RACK1
CNRIP1	GPS1
CNRIP1	GRB2
CNRIP1	GSS
CNRIP1	HADH
CNRIP1	HAGH
CNRIP1	HSPA6
CNRIP1	HSPA8
CNRIP1	HSPA9
CNRIP1	KHSRP
CNRIP1	RUBCNL
CNRIP1	LANCL1
CNRIP1	LASP1
CNRIP1	MCTS1
CNRIP1	NDUFS4
CNRIP1	NIF3L1
CNRIP1	PDCD6
CNRIP1	PITHD1
CNRIP1	PKM
CNRIP1	PPIB
CNRIP1	PPP5C
CNRIP1	PTPN11
CNRIP1	S100A13
CNRIP1	SARS
CNRIP1	SDHA
CNRIP1	SEPTIN11
CNRIP1	SOD2
CNRIP1	SRI
CNRIP1	SSBP1
CNRIP1	STIP1
CNRIP1	SYN1
CNRIP1	TXNL1
CNRIP1	UBE2V2
CNTN2	CPLX3
CNTN2	CPNE5
CNTN2	CRAT
CNTN2	CRMP1
CNTN2	CTBP1
CNTN2	CYCS
CNTN2	DCXR
CNTN2	DLD
CNTN2	DPYSL2
CNTN2	DPYSL4
CNTN2	DPYSL5
CNTN2	DTD1
CNTN2	ECHS1
CNTN2	EEF1A2
CNTN2	FKBP3
CNTN2	GABARAPL2
CNTN2	GAPDH
CNTN2	RACK1
CNTN2	GRB2
CNTN2	GSS
CNTN2	HADH
CNTN2	HAGH
CNTN2	ISCU
CNTN2	MCTS1
CNTN2	MDH2
CNTN2	NDUFS4
CNTN2	NDUFS5
CNTN2	PDCD6
CNTN2	PEF1
CNTN2	PKM
CNTN2	PLD3
CNTN2	PPIB
CNTN2	PTPN11
CNTN2	SDHA
CNTN2	STIP1
CNTN2	SYN1
CNTN2	A0A087WW96
CNTN2	TXNL1
CNTN2	UBE2V2
CNTN2	UQCRC2
COPS5	CPLX3
COPS5	CPNE5
COPS5	CYCS
COPS5	DCXR
COPS5	DECR1
COPS5	DLD
COPS5	DPYSL2
COPS5	DPYSL5
COPS5	DTD1
COPS5	ECHS1
COPS5	EEF1A2
COPS5	EPDR1
COPS5	ERP29
COPS5	ETFB
COPS5	FAF2
COPS5	FKBP3
COPS5	FTH1
COPS5	GABARAPL2
COPS5	GAPDH
COPS5	GRB2
COPS5	GSS
COPS5	HAGH
COPS5	HNRNPL
COPS5	ISCU
COPS5	KHSRP
COPS5	MAPT
COPS5	MBP
COPS5	MDH2
COPS5	NDUFA7
COPS5	NDUFS4
COPS5	NDUFS5
COPS5	NIF3L1
COPS5	NIPSNAP3A
COPS5	NIPSNAP3B
COPS5	PDAP1
COPS5	PDCD6
COPS5	PEF1
COPS5	PITHD1
COPS5	PKM
COPS5	PLD3
COPS5	RPS12
COPS5	S100A13
COPS5	SH3BGRL2
COPS5	SOD2
COPS5	SRI
COPS5	SSBP1
COPS5	STIP1
COPS5	STMN1
COPS5	STX4
COPS5	SYN1
COPS5	UBE2V2
COPS5	UQCRB
CPLX3	CPNE5
CPLX3	CRAT
CPLX3	CRMP1
CPLX3	CTBP1
CPLX3	CYCS
CPLX3	DCXR
CPLX3	DECR1
CPLX3	DLD
CPLX3	DPYSL2
CPLX3	DPYSL4
CPLX3	DPYSL5
CPLX3	DTD1
CPLX3	ECHS1
CPLX3	EEF1A2
CPLX3	ERP29
CPLX3	ETFB
CPLX3	FKBP3
CPLX3	GABARAPL2
CPLX3	GAPDH
CPLX3	GRB2
CPLX3	GSS
CPLX3	HAGH
CPLX3	ISCU
CPLX3	MAPT
CPLX3	MBP
CPLX3	MCTS1
CPLX3	MDH2
CPLX3	NDUFA7
CPLX3	NDUFS4
CPLX3	NDUFS5
CPLX3	NIF3L1
CPLX3	NIPSNAP3A
CPLX3	NIPSNAP3B
CPLX3	NUDC
CPLX3	PDCD6
CPLX3	PEF1
CPLX3	PKM
CPLX3	PLD3
CPLX3	PPIB
CPLX3	PTPN11
CPLX3	RPS12
CPLX3	S100A13
CPLX3	SH3BGRL2
CPLX3	SOD2
CPLX3	SRI
CPLX3	SSBP1
CPLX3	STIP1
CPLX3	STX4
CPLX3	SYN1
CPLX3	A0A087WW96
CPLX3	TXNL1
CPLX3	UBE2V2
CPLX3	UQCRB
CPNE1	CPNE5
CPNE1	CRMP1
CPNE1	CTBP1
CPNE1	CYCS
CPNE1	DCXR
CPNE1	DLD
CPNE1	DPYSL2
CPNE1	DPYSL3
CPNE1	DPYSL5
CPNE1	DTD1
CPNE1	ECHS1
CPNE1	EEF1A2
CPNE1	ERP29
CPNE1	ETFB
CPNE1	FKBP3
CPNE1	FTH1
CPNE1	GABARAPL2
CPNE1	GAPDH
CPNE1	GRB2
CPNE1	GSS
CPNE1	HADH
CPNE1	HAGH
CPNE1	HSP90AB1
CPNE1	ISCU
CPNE1	KHSRP
CPNE1	RUBCNL
CPNE1	MAPT
CPNE1	MBP
CPNE1	MCTS1
CPNE1	MDH2
CPNE1	NDUFA7
CPNE1	NDUFS4
CPNE1	NIF3L1
CPNE1	NIPSNAP3A
CPNE1	PDCD6
CPNE1	PEF1
CPNE1	PITHD1
CPNE1	PKM
CPNE1	PPIB
CPNE1	PTPN11
CPNE1	S100A13
CPNE1	SH3BGRL2
CPNE1	SOD2
CPNE1	SRI
CPNE1	SSBP1
CPNE1	STIP1
CPNE1	STMN1
CPNE1	SYN1
CPNE1	UBE2V2
CPNE1	UQCRB
CPNE5	CRAT
CPNE5	CRMP1
CPNE5	CTBP1
CPNE5	CYCS
CPNE5	DCTN5
CPNE5	DCXR
CPNE5	DECR1
CPNE5	DLD
CPNE5	DPYSL2
CPNE5	DPYSL3
CPNE5	DPYSL4
CPNE5	DPYSL5
CPNE5	DTD1
CPNE5	ECH1
CPNE5	ECHS1
CPNE5	EEF1A2
CPNE5	EPDR1
CPNE5	ERP29
CPNE5	ETFB
CPNE5	FKBP3
CPNE5	GABARAPL2
CPNE5	GAPDH
CPNE5	RACK1
CPNE5	GRB2
CPNE5	GSS
CPNE5	HADH
CPNE5	HAGH
CPNE5	HP
CPNE5	HSP90AB4P
CPNE5	HSPA8
CPNE5	HSPA9
CPNE5	A0A087WZW8
CPNE5	ISCU
CPNE5	KHSRP
CPNE5	RUBCNL
CPNE5	LANCL1
CPNE5	MAPT
CPNE5	MAT2B
CPNE5	MBP
CPNE5	MCTS1
CPNE5	MDH2
CPNE5	NDUFA7
CPNE5	NDUFS4
CPNE5	NDUFS5
CPNE5	NIF3L1
CPNE5	NIPSNAP3A
CPNE5	NIPSNAP3B
CPNE5	NUDC
CPNE5	PABPC1
CPNE5	PDAP1
CPNE5	PDCD6
CPNE5	PEF1
CPNE5	PITHD1
CPNE5	PKM
CPNE5	PLD3
CPNE5	PPIB
CPNE5	PPIL1
CPNE5	PPP5C
CPNE5	PTPN11
CPNE5	RPS12
CPNE5	S100A13
CPNE5	SARS
CPNE5	SDHA
CPNE5	SEPTIN11
CPNE5	SH3BGRL2
CPNE5	SOD2
CPNE5	SRI
CPNE5	SSBP1
CPNE5	STIP1
CPNE5	STMN1
CPNE5	STMN2
CPNE5	STX4
CPNE5	SYN1
CPNE5	A0A087WW96
CPNE5	TXNL1
CPNE5	UBE2V2
CPNE5	UQCRB
CPNE5	UQCRC2
CRAT	CRMP1
CRAT	CTBP1
CRAT	DCXR
CRAT	DLD
CRAT	DPYSL2
CRAT	DPYSL3
CRAT	DPYSL4
CRAT	DPYSL5
CRAT	DTD1
CRAT	ECHS1
CRAT	EEF1A2
CRAT	GABARAPL2
CRAT	GAPDH
CRAT	RACK1
CRAT	GRB2
CRAT	GSS
CRAT	HADH
CRAT	HAGH
CRAT	HSPA8
CRAT	ISCU
CRAT	RUBCNL
CRAT	MCTS1
CRAT	MDH2
CRAT	NDUFS4
CRAT	PDCD6
CRAT	PEF1
CRAT	PKM
CRAT	PPIB
CRAT	PTPN11
CRAT	SDHA
CRAT	SEPTIN11
CRAT	SRI
CRAT	STIP1
CRAT	SYN1
CRAT	A0A087WW96
CRAT	TXNL1
CRAT	UBE2V2
CRMP1	CTBP1
CRMP1	CYCS
CRMP1	DCTN5
CRMP1	DCXR
CRMP1	DECR1
CRMP1	DLD
CRMP1	DPYSL2
CRMP1	DPYSL3
CRMP1	DPYSL4
CRMP1	DPYSL5
CRMP1	DTD1
CRMP1	ECH1
CRMP1	ECHS1
CRMP1	EEF1A2
CRMP1	EIF3L
CRMP1	EPDR1
CRMP1	ERP29
CRMP1	ETFB
CRMP1	FKBP3
CRMP1	FUS
CRMP1	GABARAPL2
CRMP1	GAPDH
CRMP1	RACK1
CRMP1	GPS1
CRMP1	GRB2
CRMP1	GSS
CRMP1	HADH
CRMP1	HAGH
CRMP1	HP
CRMP1	HSP90AB1
CRMP1	HSP90AB4P
CRMP1	HSPA6
CRMP1	HSPA8
CRMP1	HSPA9
CRMP1	A0A087WZW8
CRMP1	KHSRP
CRMP1	RUBCNL
CRMP1	LANCL1
CRMP1	LASP1
CRMP1	MAPT
CRMP1	MAT2B
CRMP1	MBP
CRMP1	MCTS1
CRMP1	MDH2
CRMP1	NAP1L1
CRMP1	NDUFA7
CRMP1	NDUFS4
CRMP1	NDUFS5
CRMP1	NIF3L1
CRMP1	NIPSNAP3A
CRMP1	PABPC1
CRMP1	PDAP1
CRMP1	PDCD6
CRMP1	PEF1
CRMP1	PITHD1
CRMP1	PKM
CRMP1	PLD3
CRMP1	PPIB
CRMP1	PPIL1
CRMP1	PPP5C
CRMP1	PTPN11
CRMP1	S100A13
CRMP1	SARS
CRMP1	SDHA
CRMP1	SEPTIN11
CRMP1	SH3BGRL2
CRMP1	SOD2
CRMP1	SRI
CRMP1	SSBP1
CRMP1	STIP1
CRMP1	STMN1
CRMP1	STMN2
CRMP1	SYN1
CRMP1	A0A087WW96
CRMP1	TK2
CRMP1	TXNL1
CRMP1	UBE2V2
CRMP1	UQCRB
CRMP1	UQCRC2
CRMP1	VPS13C
CTBP1	CYCS
CTBP1	DCTN5
CTBP1	DCXR
CTBP1	DECR1
CTBP1	DLD
CTBP1	DPYSL2
CTBP1	DPYSL3
CTBP1	DPYSL4
CTBP1	DPYSL5
CTBP1	DTD1
CTBP1	ECH1
CTBP1	ECHS1
CTBP1	EEF1A2
CTBP1	EIF3L
CTBP1	EPDR1
CTBP1	ERP29
CTBP1	ETFB
CTBP1	FKBP3
CTBP1	FUS
CTBP1	GABARAPL2
CTBP1	GAPDH
CTBP1	RACK1
CTBP1	GPS1
CTBP1	GRB2
CTBP1	GSS
CTBP1	HADH
CTBP1	HAGH
CTBP1	HP
CTBP1	HSP90AB1
CTBP1	HSP90AB4P
CTBP1	HSPA8
CTBP1	HSPA9
CTBP1	A0A087WZW8
CTBP1	ISCU
CTBP1	KHSRP
CTBP1	RUBCNL
CTBP1	LANCL1
CTBP1	LASP1
CTBP1	MAPT
CTBP1	MAT2B
CTBP1	MBP
CTBP1	MCTS1
CTBP1	MDH2
CTBP1	NDUFA7
CTBP1	NDUFS4
CTBP1	NDUFS5
CTBP1	NIF3L1
CTBP1	NIPSNAP3A
CTBP1	NIPSNAP3B
CTBP1	PABPC1
CTBP1	PDAP1
CTBP1	PDCD6
CTBP1	PEF1
CTBP1	PITHD1
CTBP1	PKM
CTBP1	PLD3
CTBP1	PPIB
CTBP1	PPIL1
CTBP1	PPP5C
CTBP1	PRPSAP2
CTBP1	PTPN11
CTBP1	S100A13
CTBP1	SARS
CTBP1	SDHA
CTBP1	SEPTIN11
CTBP1	SH3BGRL2
CTBP1	SOD2
CTBP1	SRI
CTBP1	SSBP1
CTBP1	STIP1
CTBP1	STMN1
CTBP1	STMN2
CTBP1	SYN1
CTBP1	A0A087WW96
CTBP1	TXNL1
CTBP1	UBE2V2
CTBP1	UQCRB
CTBP1	UQCRC2
CTBP1	VPS13C
CYCS	DCTN5
CYCS	DCXR
CYCS	DECR1
CYCS	DLD
CYCS	DPYSL2
CYCS	DPYSL4
CYCS	DPYSL5
CYCS	DTD1
CYCS	ECHS1
CYCS	EEF1A2
CYCS	EIF3L
CYCS	EPDR1
CYCS	ERP29
CYCS	ETFB
CYCS	FAF2
CYCS	FKBP3
CYCS	FTH1
CYCS	FUS
CYCS	GABARAPL2
CYCS	GAPDH
CYCS	RACK1
CYCS	GPS1
CYCS	GRB2
CYCS	GSS
CYCS	HAGH
CYCS	HNRNPL
CYCS	HP
CYCS	HSP90AA1
CYCS	HSP90AB1
CYCS	HSP90AB4P
CYCS	HSP90B1
CYCS	A0A087WZW8
CYCS	ISCU
CYCS	ITGB8
CYCS	KHSRP
CYCS	LANCL1
CYCS	MAP6D1
CYCS	MAPT
CYCS	MAT2B
CYCS	MBP
CYCS	MCTS1
CYCS	MDH2
CYCS	NAP1L1
CYCS	NDUFA7
CYCS	NDUFS4
CYCS	NDUFS5
CYCS	NIF3L1
CYCS	NIPSNAP3A
CYCS	NIPSNAP3B
CYCS	PABPC1
CYCS	PDAP1
CYCS	PDCD6
CYCS	PEF1
CYCS	PITHD1
CYCS	PKM
CYCS	PLD3
CYCS	PPIB
CYCS	PRPSAP2
CYCS	PTPN11
CYCS	RPLP1
CYCS	RPS12
CYCS	S100A13
CYCS	SH3BGRL2
CYCS	SOD2
CYCS	SRI
CYCS	SSBP1
CYCS	STIP1
CYCS	STMN1
CYCS	STMN2
CYCS	STX4
CYCS	SYN1
CYCS	TXNL1
CYCS	UBE2V2
CYCS	UQCRB
CYCS	UQCRC2
CYCS	VPS13C
DCTN5	DCXR
DCTN5	DLD
DCTN5	DPYSL2
DCTN5	DPYSL4
DCTN5	DPYSL5
DCTN5	DTD1
DCTN5	ECHS1
DCTN5	ERP29
DCTN5	ETFB
DCTN5	FKBP3
DCTN5	FUS
DCTN5	GABARAPL2
DCTN5	GAPDH
DCTN5	RACK1
DCTN5	GRB2
DCTN5	HAGH
DCTN5	HSP90AB4P
DCTN5	KHSRP
DCTN5	LANCL1
DCTN5	MAPT
DCTN5	MCTS1
DCTN5	NDUFA7
DCTN5	NDUFS4
DCTN5	NIPSNAP3A
DCTN5	PDAP1
DCTN5	PDCD6
DCTN5	PEF1
DCTN5	PKM
DCTN5	PTPN11
DCTN5	S100A13
DCTN5	SOD2
DCTN5	SSBP1
DCTN5	STIP1
DCTN5	STMN1
DCTN5	STMN2
DCTN5	UBE2V2
DCTN5	UQCRC2
DCXR	DECR1
DCXR	DLD
DCXR	DPYSL2
DCXR	DPYSL3
DCXR	DPYSL4
DCXR	DPYSL5
DCXR	DTD1
DCXR	ECH1
DCXR	ECHS1
DCXR	EEF1A2
DCXR	EIF3L
DCXR	EPDR1
DCXR	ERP29
DCXR	ETFB
DCXR	FKBP3
DCXR	FTH1
DCXR	FUS
DCXR	GABARAPL2
DCXR	GAPDH
DCXR	RACK1
DCXR	GPS1
DCXR	GRB2
DCXR	GSS
DCXR	HADH
DCXR	HAGH
DCXR	HP
DCXR	HSP90AB1
DCXR	HSP90AB4P
DCXR	HSPA6
DCXR	HSPA8
DCXR	HSPA9
DCXR	A0A087WZW8
DCXR	KHSRP
DCXR	RUBCNL
DCXR	LANCL1
DCXR	LASP1
DCXR	MAP6D1
DCXR	MAPT
DCXR	MAT2B
DCXR	MBP
DCXR	MCTS1
DCXR	MDH2
DCXR	NAP1L1
DCXR	NDUFA7
DCXR	NDUFS4
DCXR	NDUFS5
DCXR	NIF3L1
DCXR	NIPSNAP3A
DCXR	NIPSNAP3B
DCXR	PABPC1
DCXR	PDAP1
DCXR	PDCD6
DCXR	PEF1
DCXR	PITHD1
DCXR	PKM
DCXR	PLD3
DCXR	PPIB
DCXR	PPIL1
DCXR	PPP5C
DCXR	PRPSAP2
DCXR	PTPN11
DCXR	S100A13
DCXR	SARS
DCXR	SDHA
DCXR	SEPTIN11
DCXR	SH3BGRL2
DCXR	SOD2
DCXR	SRI
DCXR	SSBP1
DCXR	STIP1
DCXR	STMN1
DCXR	STMN2
DCXR	SYN1
DCXR	A0A087WW96
DCXR	TXNL1
DCXR	UBE2V2
DCXR	UQCRB
DCXR	UQCRC2
DCXR	VPS13C
DECR1	DLD
DECR1	DPYSL2
DECR1	DPYSL3
DECR1	DPYSL4
DECR1	DPYSL5
DECR1	DTD1
DECR1	ECH1
DECR1	ECHS1
DECR1	EIF3L
DECR1	EPDR1
DECR1	ERP29
DECR1	ETFB
DECR1	GABARAPL2
DECR1	GAPDH
DECR1	RACK1
DECR1	GRB2
DECR1	GSS
DECR1	HADH
DECR1	HAGH
DECR1	HP
DECR1	HSPA6
DECR1	HSPA8
DECR1	HSPA9
DECR1	A0A087WZW8
DECR1	ISCU
DECR1	KHSRP
DECR1	RUBCNL
DECR1	MAPT
DECR1	MCTS1
DECR1	MDH2
DECR1	NDUFA7
DECR1	NDUFS4
DECR1	NDUFS5
DECR1	NIF3L1
DECR1	NIPSNAP3A
DECR1	PABPC1
DECR1	PDCD6
DECR1	PEF1
DECR1	PITHD1
DECR1	PKM
DECR1	PLD3
DECR1	PPIB
DECR1	PPIL1
DECR1	PPP5C
DECR1	PTPN11
DECR1	S100A13
DECR1	SARS
DECR1	SDHA
DECR1	SEPTIN11
DECR1	SH3BGRL2
DECR1	SOD2
DECR1	SRI
DECR1	SSBP1
DECR1	STIP1
DECR1	SYN1
DECR1	TXNL1
DECR1	UBE2V2
DECR1	UQCRB
DLD	DPYSL2
DLD	DPYSL3
DLD	DPYSL4
DLD	DPYSL5
DLD	DTD1
DLD	ECH1
DLD	ECHS1
DLD	EEF1A2
DLD	EIF3L
DLD	EPDR1
DLD	ERP29
DLD	ETFB
DLD	FKBP3
DLD	GABARAPL2
DLD	GAPDH
DLD	RACK1
DLD	GRB2
DLD	GSS
DLD	HADH
DLD	HAGH
DLD	HP
DLD	HSP90AB4P
DLD	HSPA6
DLD	HSPA8
DLD	HSPA9
DLD	A0A087WZW8
DLD	ISCU
DLD	KHSRP
DLD	RUBCNL
DLD	LANCL1
DLD	MAPT
DLD	MAT2B
DLD	MBP
DLD	MCTS1
DLD	MDH2
DLD	NDUFA7
DLD	NDUFS4
DLD	NDUFS5
DLD	NIF3L1
DLD	NIPSNAP3A
DLD	NIPSNAP3B
DLD	PABPC1
DLD	PDAP1
DLD	PDCD6
DLD	PEF1
DLD	PITHD1
DLD	PKM
DLD	PLD3
DLD	PPIB
DLD	PPIL1
DLD	PPP5C
DLD	PTPN11
DLD	S100A13
DLD	SARS
DLD	SDHA
DLD	SEPTIN11
DLD	SH3BGRL2
DLD	SOD2
DLD	SRI
DLD	SSBP1
DLD	STIP1
DLD	STMN1
DLD	STMN2
DLD	STX4
DLD	SYN1
DLD	A0A087WW96
DLD	TXNL1
DLD	UBE2V2
DLD	UQCRB
DLD	UQCRC2
DPYSL2	DPYSL3
DPYSL2	DPYSL4
DPYSL2	DPYSL5
DPYSL2	DTD1
DPYSL2	ECH1
DPYSL2	ECHS1
DPYSL2	EEF1A2
DPYSL2	EIF3L
DPYSL2	EPDR1
DPYSL2	ERP29
DPYSL2	ETFB
DPYSL2	FAF2
DPYSL2	FKBP3
DPYSL2	FTH1
DPYSL2	FUS
DPYSL2	GABARAPL2
DPYSL2	GAPDH
DPYSL2	RACK1
DPYSL2	GPS1
DPYSL2	GRB2
DPYSL2	GSS
DPYSL2	HADH
DPYSL2	HAGH
DPYSL2	HP
DPYSL2	HSP90AB1
DPYSL2	HSP90AB4P
DPYSL2	HSPA6
DPYSL2	HSPA8
DPYSL2	HSPA9
DPYSL2	A0A087WZW8
DPYSL2	ISCU
DPYSL2	KHSRP
DPYSL2	RUBCNL
DPYSL2	LANCL1
DPYSL2	LASP1
DPYSL2	MAP6D1
DPYSL2	MAPT
DPYSL2	MAT2B
DPYSL2	MBP
DPYSL2	MCTS1
DPYSL2	MDH2
DPYSL2	NAP1L1
DPYSL2	NDUFA7
DPYSL2	NDUFS4
DPYSL2	NDUFS5
DPYSL2	NIF3L1
DPYSL2	NIPSNAP3A
DPYSL2	NIPSNAP3B
DPYSL2	PABPC1
DPYSL2	PDAP1
DPYSL2	PDCD6
DPYSL2	PEF1
DPYSL2	PITHD1
DPYSL2	PKM
DPYSL2	PLD3
DPYSL2	PPIB
DPYSL2	PPIL1
DPYSL2	PPP5C
DPYSL2	PRPSAP2
DPYSL2	PTPN11
DPYSL2	S100A13
DPYSL2	SARS
DPYSL2	SDHA
DPYSL2	SEPTIN11
DPYSL2	SH3BGRL2
DPYSL2	SOD2
DPYSL2	SRI
DPYSL2	SSBP1
DPYSL2	STIP1
DPYSL2	STMN1
DPYSL2	STMN2
DPYSL2	STX4
DPYSL2	SYN1
DPYSL2	A0A087WW96
DPYSL2	TK2
DPYSL2	TXNL1
DPYSL2	UBE2V2
DPYSL2	UQCRB
DPYSL2	UQCRC2
DPYSL2	VPS13C
DPYSL3	DPYSL4
DPYSL3	DPYSL5
DPYSL3	DTD1
DPYSL3	ECH1
DPYSL3	ECHS1
DPYSL3	EIF3L
DPYSL3	EPDR1
DPYSL3	ERP29
DPYSL3	ETFB
DPYSL3	GABARAPL2
DPYSL3	GAPDH
DPYSL3	RACK1
DPYSL3	GPS1
DPYSL3	GRB2
DPYSL3	GSS
DPYSL3	HADH
DPYSL3	HAGH
DPYSL3	HP
DPYSL3	HSP90AB1
DPYSL3	HSP90AB4P
DPYSL3	HSPA6
DPYSL3	HSPA8
DPYSL3	HSPA9
DPYSL3	A0A087WZW8
DPYSL3	KHSRP
DPYSL3	RUBCNL
DPYSL3	LANCL1
DPYSL3	LASP1
DPYSL3	MAPT
DPYSL3	MAT2B
DPYSL3	MCTS1
DPYSL3	NAP1L1
DPYSL3	NDUFA7
DPYSL3	NDUFS4
DPYSL3	NIF3L1
DPYSL3	NIPSNAP3A
DPYSL3	PABPC1
DPYSL3	PDCD6
DPYSL3	PITHD1
DPYSL3	PKM
DPYSL3	PLD3
DPYSL3	PPIB
DPYSL3	PPIL1
DPYSL3	PPP5C
DPYSL3	PTPN11
DPYSL3	S100A13
DPYSL3	SARS
DPYSL3	SDHA
DPYSL3	SEPTIN11
DPYSL3	SH3BGRL2
DPYSL3	SOD2
DPYSL3	SRI
DPYSL3	SSBP1
DPYSL3	STIP1
DPYSL3	STMN1
DPYSL3	STMN2
DPYSL3	SYN1
DPYSL3	A0A087WW96
DPYSL3	TK2
DPYSL3	TXNL1
DPYSL3	UBE2V2
DPYSL3	UQCRB
DPYSL3	VPS13C
DPYSL4	DPYSL5
DPYSL4	DTD1
DPYSL4	ECH1
DPYSL4	ECHS1
DPYSL4	EIF3L
DPYSL4	EPDR1
DPYSL4	ERP29
DPYSL4	ETFB
DPYSL4	FKBP3
DPYSL4	FUS
DPYSL4	GABARAPL2
DPYSL4	GAPDH
DPYSL4	RACK1
DPYSL4	GRB2
DPYSL4	GSS
DPYSL4	HADH
DPYSL4	HAGH
DPYSL4	HSP90AB4P
DPYSL4	HSPA8
DPYSL4	HSPA9
DPYSL4	ISCU
DPYSL4	ITGB8
DPYSL4	KHSRP
DPYSL4	RUBCNL
DPYSL4	LANCL1
DPYSL4	LASP1
DPYSL4	MAP6D1
DPYSL4	MAPT
DPYSL4	MAT2B
DPYSL4	MBP
DPYSL4	MCTS1
DPYSL4	MDH2
DPYSL4	NDUFA7
DPYSL4	NDUFS4
DPYSL4	NDUFS5
DPYSL4	NIF3L1
DPYSL4	NIPSNAP3A
DPYSL4	NIPSNAP3B
DPYSL4	PABPC1
DPYSL4	PDAP1
DPYSL4	PDCD6
DPYSL4	PEF1
DPYSL4	PKM
DPYSL4	PLD3
DPYSL4	PPIB
DPYSL4	PPP5C
DPYSL4	PTPN11
DPYSL4	S100A13
DPYSL4	SARS
DPYSL4	SDHA
DPYSL4	SEPTIN11
DPYSL4	SH3BGRL2
DPYSL4	SOD2
DPYSL4	SSBP1
DPYSL4	STIP1
DPYSL4	STMN1
DPYSL4	STMN2
DPYSL4	SYN1
DPYSL4	A0A087WW96
DPYSL4	TXNL1
DPYSL4	UBE2V2
DPYSL4	UQCRB
DPYSL4	UQCRC2
DPYSL5	DTD1
DPYSL5	ECH1
DPYSL5	ECHS1
DPYSL5	EEF1A2
DPYSL5	EIF3L
DPYSL5	EPDR1
DPYSL5	ERP29
DPYSL5	ETFB
DPYSL5	FKBP3
DPYSL5	FTH1
DPYSL5	FUS
DPYSL5	GABARAPL2
DPYSL5	GAPDH
DPYSL5	RACK1
DPYSL5	GPS1
DPYSL5	GRB2
DPYSL5	GSS
DPYSL5	HADH
DPYSL5	HAGH
DPYSL5	HP
DPYSL5	HSP90AB1
DPYSL5	HSP90AB4P
DPYSL5	HSPA6
DPYSL5	HSPA8
DPYSL5	HSPA9
DPYSL5	A0A087WZW8
DPYSL5	ISCU
DPYSL5	ITGB8
DPYSL5	KHSRP
DPYSL5	RUBCNL
DPYSL5	LANCL1
DPYSL5	LASP1
DPYSL5	MAP6D1
DPYSL5	MAPT
DPYSL5	MAT2B
DPYSL5	MBP
DPYSL5	MCTS1
DPYSL5	MDH2
DPYSL5	NDUFA7
DPYSL5	NDUFS4
DPYSL5	NDUFS5
DPYSL5	NIF3L1
DPYSL5	NIPSNAP3A
DPYSL5	NIPSNAP3B
DPYSL5	PABPC1
DPYSL5	PDAP1
DPYSL5	PDCD6
DPYSL5	PEF1
DPYSL5	PITHD1
DPYSL5	PKM
DPYSL5	PLD3
DPYSL5	PPIB
DPYSL5	PPIL1
DPYSL5	PPP5C
DPYSL5	PRPSAP2
DPYSL5	PTPN11
DPYSL5	RPS12
DPYSL5	S100A13
DPYSL5	SARS
DPYSL5	SDHA
DPYSL5	SEPTIN11
DPYSL5	SH3BGRL2
DPYSL5	SOD2
DPYSL5	SRI
DPYSL5	SSBP1
DPYSL5	STIP1
DPYSL5	STMN1
DPYSL5	STMN2
DPYSL5	STX4
DPYSL5	SYN1
DPYSL5	A0A087WW96
DPYSL5	TXNL1
DPYSL5	UBE2V2
DPYSL5	UQCRB
DPYSL5	UQCRC2
DPYSL5	VPS13C
DTD1	ECH1
DTD1	ECHS1
DTD1	EEF1A2
DTD1	EIF3L
DTD1	EPDR1
DTD1	ERP29
DTD1	ETFB
DTD1	FAF2
DTD1	FKBP3
DTD1	FTH1
DTD1	FUS
DTD1	GABARAPL2
DTD1	GAPDH
DTD1	RACK1
DTD1	GPS1
DTD1	GRB2
DTD1	GSS
DTD1	HADH
DTD1	HAGH
DTD1	HNRNPL
DTD1	HP
DTD1	HSP90AA1
DTD1	HSP90AB1
DTD1	HSP90AB4P
DTD1	HSPA6
DTD1	HSPA8
DTD1	HSPA9
DTD1	A0A087WZW8
DTD1	ISCU
DTD1	ITGB8
DTD1	KHSRP
DTD1	RUBCNL
DTD1	LANCL1
DTD1	LASP1
DTD1	MAP6D1
DTD1	MAPT
DTD1	MAT2B
DTD1	MBP
DTD1	MCTS1
DTD1	MDH2
DTD1	NAP1L1
DTD1	NDUFA7
DTD1	NDUFS4
DTD1	NDUFS5
DTD1	NIF3L1
DTD1	NIPSNAP3A
DTD1	NIPSNAP3B
DTD1	PABPC1
DTD1	PDAP1
DTD1	PDCD6
DTD1	PEF1
DTD1	PITHD1
DTD1	PKM
DTD1	PLD3
DTD1	PPIB
DTD1	PPIL1
DTD1	PPP5C
DTD1	PRPSAP2
DTD1	PTPN11
DTD1	RAB27B
DTD1	RPS12
DTD1	S100A13
DTD1	SARS
DTD1	SDHA
DTD1	SEPTIN11
DTD1	SH3BGRL2
DTD1	SOD2
DTD1	SRI
DTD1	SSBP1
DTD1	STIP1
DTD1	STMN1
DTD1	STMN2
DTD1	STX4
DTD1	SYN1
DTD1	A0A087WW96
DTD1	TMEM30A
DTD1	TXNL1
DTD1	UBE2V2
DTD1	UQCRB
DTD1	UQCRC2
DTD1	VPS13C
ECH1	ECHS1
ECH1	EIF3L
ECH1	ERP29
ECH1	ETFB
ECH1	GABARAPL2
ECH1	GAPDH
ECH1	RACK1
ECH1	GRB2
ECH1	GSS
ECH1	HADH
ECH1	HAGH
ECH1	HP
ECH1	HSP90AB4P
ECH1	HSPA6
ECH1	HSPA8
ECH1	HSPA9
ECH1	A0A087WZW8
ECH1	KHSRP
ECH1	RUBCNL
ECH1	LANCL1
ECH1	MAPT
ECH1	MAT2B
ECH1	MCTS1
ECH1	MDH2
ECH1	NDUFA7
ECH1	NDUFS4
ECH1	NIF3L1
ECH1	NIPSNAP3A
ECH1	PABPC1
ECH1	PDCD6
ECH1	PITHD1
ECH1	PKM
ECH1	PPIB
ECH1	PPP5C
ECH1	PTPN11
ECH1	S100A13
ECH1	SARS
ECH1	SDHA
ECH1	SEPTIN11
ECH1	SOD2
ECH1	SSBP1
ECH1	STIP1
ECH1	STMN1
ECH1	STMN2
ECH1	TXNL1
ECH1	UBE2V2
ECH1	UQCRC2
ECH1	VPS13C
ECHS1	EEF1A2
ECHS1	EIF3L
ECHS1	EPDR1
ECHS1	ERP29
ECHS1	ETFB
ECHS1	FAF2
ECHS1	FKBP3
ECHS1	FTH1
ECHS1	FUS
ECHS1	GABARAPL2
ECHS1	GAPDH
ECHS1	RACK1
ECHS1	GPS1
ECHS1	GRB2
ECHS1	GSS
ECHS1	HADH
ECHS1	HAGH
ECHS1	HNRNPL
ECHS1	HP
ECHS1	HSP90AA1
ECHS1	HSP90AB1
ECHS1	HSP90AB4P
ECHS1	HSPA6
ECHS1	HSPA8
ECHS1	HSPA9
ECHS1	A0A087WZW8
ECHS1	ISCU
ECHS1	ITGB8
ECHS1	KHSRP
ECHS1	RUBCNL
ECHS1	LANCL1
ECHS1	LASP1
ECHS1	MAP6D1
ECHS1	MAPT
ECHS1	MAT2B
ECHS1	MBP
ECHS1	MCTS1
ECHS1	MDH2
ECHS1	NAP1L1
ECHS1	NDUFA7
ECHS1	NDUFS4
ECHS1	NDUFS5
ECHS1	NIF3L1
ECHS1	NIPSNAP3A
ECHS1	NIPSNAP3B
ECHS1	PABPC1
ECHS1	PDAP1
ECHS1	PDCD6
ECHS1	PEF1
ECHS1	PITHD1
ECHS1	PKM
ECHS1	PLD3
ECHS1	PPIB
ECHS1	PPIL1
ECHS1	PPP5C
ECHS1	PRPSAP2
ECHS1	PTPN11
ECHS1	RAB27B
ECHS1	RPS12
ECHS1	S100A13
ECHS1	SARS
ECHS1	SDHA
ECHS1	SEPTIN11
ECHS1	SH3BGRL2
ECHS1	SOD2
ECHS1	SRI
ECHS1	SSBP1
ECHS1	STIP1
ECHS1	STMN1
ECHS1	STMN2
ECHS1	STX4
ECHS1	SYN1
ECHS1	A0A087WW96
ECHS1	TMEM30A
ECHS1	TXNL1
ECHS1	UBE2V2
ECHS1	UQCRB
ECHS1	UQCRC2
ECHS1	VPS13C
EEF1A2	EPDR1
EEF1A2	ERP29
EEF1A2	ETFB
EEF1A2	FKBP3
EEF1A2	GABARAPL2
EEF1A2	GAPDH
EEF1A2	RACK1
EEF1A2	GRB2
EEF1A2	GSS
EEF1A2	HAGH
EEF1A2	HP
EEF1A2	A0A087WZW8
EEF1A2	ISCU
EEF1A2	MBP
EEF1A2	MCTS1
EEF1A2	MDH2
EEF1A2	NDUFA7
EEF1A2	NDUFS4
EEF1A2	NDUFS5
EEF1A2	NIF3L1
EEF1A2	NIPSNAP3A
EEF1A2	PDCD6
EEF1A2	PEF1
EEF1A2	PITHD1
EEF1A2	PKM
EEF1A2	PPIB
EEF1A2	RPS12
EEF1A2	S100A13
EEF1A2	SDHA
EEF1A2	SEPTIN11
EEF1A2	SH3BGRL2
EEF1A2	SOD2
EEF1A2	SRI
EEF1A2	STIP1
EEF1A2	STMN1
EEF1A2	SYN1
EEF1A2	TXNL1
EEF1A2	UBE2V2
EEF1A2	UQCRB
EIF3L	EPDR1
EIF3L	ERP29
EIF3L	ETFB
EIF3L	GABARAPL2
EIF3L	GAPDH
EIF3L	GPS1
EIF3L	GRB2
EIF3L	GSS
EIF3L	HAGH
EIF3L	HSP90AB4P
EIF3L	HSPA8
EIF3L	KHSRP
EIF3L	LANCL1
EIF3L	LASP1
EIF3L	MAPT
EIF3L	MAT2B
EIF3L	MDH2
EIF3L	NDUFA7
EIF3L	NDUFS4
EIF3L	NIF3L1
EIF3L	NIPSNAP3A
EIF3L	PABPC1
EIF3L	PDAP1
EIF3L	PDCD6
EIF3L	PKM
EIF3L	PRPSAP2
EIF3L	S100A13
EIF3L	SOD2
EIF3L	SSBP1
EIF3L	STIP1
EIF3L	STMN1
EIF3L	STMN2
EIF3L	UBE2V2
EIF3L	UQCRB
EIF3L	UQCRC2
EIF3L	VPS13C
EPDR1	ERP29
EPDR1	ETFB
EPDR1	FKBP3
EPDR1	FTH1
EPDR1	FUS
EPDR1	GABARAPL2
EPDR1	GAPDH
EPDR1	RACK1
EPDR1	GRB2
EPDR1	GSS
EPDR1	HAGH
EPDR1	HP
EPDR1	A0A087WZW8
EPDR1	ISCU
EPDR1	KHSRP
EPDR1	MAP6D1
EPDR1	MAPT
EPDR1	MAT2B
EPDR1	MBP
EPDR1	MCTS1
EPDR1	MDH2
EPDR1	NDUFA7
EPDR1	NDUFS4
EPDR1	NDUFS5
EPDR1	NIF3L1
EPDR1	NIPSNAP3A
EPDR1	PDAP1
EPDR1	PDCD6
EPDR1	PEF1
EPDR1	PITHD1
EPDR1	PKM
EPDR1	PLD3
EPDR1	RPS12
EPDR1	S100A13
EPDR1	SARS
EPDR1	SDHA
EPDR1	SH3BGRL2
EPDR1	SOD2
EPDR1	SRI
EPDR1	SSBP1
EPDR1	STIP1
EPDR1	STMN1
EPDR1	STMN2
EPDR1	STX4
EPDR1	SYN1
EPDR1	UBE2V2
EPDR1	UQCRB
EPDR1	UQCRC2
ERP29	ETFB
ERP29	FAF2
ERP29	FKBP3
ERP29	FTH1
ERP29	FUS
ERP29	GABARAPL2
ERP29	GAPDH
ERP29	RACK1
ERP29	GPS1
ERP29	GRB2
ERP29	GSS
ERP29	HADH
ERP29	HAGH
ERP29	HNRNPL
ERP29	HP
ERP29	HSP90AB4P
ERP29	HSPA6
ERP29	HSPA8
ERP29	HSPA9
ERP29	A0A087WZW8
ERP29	ISCU
ERP29	ITGB8
ERP29	KHSRP
ERP29	RUBCNL
ERP29	LANCL1
ERP29	MAP6D1
ERP29	MAPT
ERP29	MAT2B
ERP29	MBP
ERP29	MCTS1
ERP29	MDH2
ERP29	NAP1L1
ERP29	NDUFA7
ERP29	NDUFS4
ERP29	NDUFS5
ERP29	NIF3L1
ERP29	NIPSNAP3A
ERP29	NIPSNAP3B
ERP29	PABPC1
ERP29	PDAP1
ERP29	PDCD6
ERP29	PEF1
ERP29	PITHD1
ERP29	PKM
ERP29	PLD3
ERP29	PPIB
ERP29	PPIL1
ERP29	PPP5C
ERP29	PRPSAP2
ERP29	PTPN11
ERP29	RPLP1
ERP29	RPS12
ERP29	S100A13
ERP29	SARS
ERP29	SDHA
ERP29	SH3BGRL2
ERP29	SOD2
ERP29	SRI
ERP29	SSBP1
ERP29	STIP1
ERP29	STMN1
ERP29	STMN2
ERP29	STX4
ERP29	SYN1
ERP29	TXNL1
ERP29	UBE2V2
ERP29	UQCRB
ERP29	UQCRC2
ERP29	VPS13C
ETFB	FAF2
ETFB	FKBP3
ETFB	FTH1
ETFB	FUS
ETFB	GABARAPL2
ETFB	GAPDH
ETFB	RACK1
ETFB	GPS1
ETFB	GRB2
ETFB	GSS
ETFB	HADH
ETFB	HAGH
ETFB	HP
ETFB	HSP90AB1
ETFB	HSP90AB4P
ETFB	HSPA6
ETFB	HSPA8
ETFB	HSPA9
ETFB	A0A087WZW8
ETFB	ISCU
ETFB	ITGB8
ETFB	KHSRP
ETFB	RUBCNL
ETFB	LANCL1
ETFB	LASP1
ETFB	MAP6D1
ETFB	MAPT
ETFB	MAT2B
ETFB	MBP
ETFB	MCTS1
ETFB	MDH2
ETFB	NAP1L1
ETFB	NDUFA7
ETFB	NDUFS4
ETFB	NDUFS5
ETFB	NIF3L1
ETFB	NIPSNAP3A
ETFB	NIPSNAP3B
ETFB	PABPC1
ETFB	PDAP1
ETFB	PDCD6
ETFB	PEF1
ETFB	PITHD1
ETFB	PKM
ETFB	PLD3
ETFB	PPIB
ETFB	PPIL1
ETFB	PPP5C
ETFB	PRPSAP2
ETFB	PTPN11
ETFB	RPS12
ETFB	S100A13
ETFB	SARS
ETFB	SDHA
ETFB	SEPTIN11
ETFB	SH3BGRL2
ETFB	SOD2
ETFB	SRI
ETFB	SSBP1
ETFB	STIP1
ETFB	STMN1
ETFB	STMN2
ETFB	STX4
ETFB	SYN1
ETFB	A0A087WW96
ETFB	TXNL1
ETFB	UBE2V2
ETFB	UQCRB
ETFB	UQCRC2
ETFB	VPS13C
FAF2	FKBP3
FAF2	FTH1
FAF2	GABARAPL2
FAF2	GAPDH
FAF2	GRB2
FAF2	GSS
FAF2	HAGH
FAF2	HNRNPL
FAF2	ISCU
FAF2	KHSRP
FAF2	MAPT
FAF2	MBP
FAF2	MDH2
FAF2	NAP1L1
FAF2	NDUFA7
FAF2	NDUFS4
FAF2	NDUFS5
FAF2	NIF3L1
FAF2	NIPSNAP3A
FAF2	PDAP1
FAF2	PDCD6
FAF2	PEF1
FAF2	RPS12
FAF2	S100A13
FAF2	SH3BGRL2
FAF2	SOD2
FAF2	SRI
FAF2	SSBP1
FAF2	STMN1
FAF2	STX4
FAF2	UBE2V2
FAF2	UQCRB
FKBP3	FTH1
FKBP3	FUS
FKBP3	GABARAPL2
FKBP3	GAPDH
FKBP3	RACK1
FKBP3	GPS1
FKBP3	GRB2
FKBP3	GSS
FKBP3	HADH
FKBP3	HAGH
FKBP3	HNRNPL
FKBP3	HP
FKBP3	HSP90AA1
FKBP3	A0A087WZW8
FKBP3	ISCU
FKBP3	ITGB8
FKBP3	KHSRP
FKBP3	MAP6D1
FKBP3	MAPT
FKBP3	MBP
FKBP3	MCTS1
FKBP3	MDH2
FKBP3	NAP1L1
FKBP3	NDUFA7
FKBP3	NDUFS4
FKBP3	NDUFS5
FKBP3	NIF3L1
FKBP3	NIPSNAP3A
FKBP3	NIPSNAP3B
FKBP3	NUDC
FKBP3	PABPC1
FKBP3	PDAP1
FKBP3	PDCD6
FKBP3	PEF1
FKBP3	PITHD1
FKBP3	PKM
FKBP3	PLD3
FKBP3	PPIB
FKBP3	PRPSAP2
FKBP3	PTPN11
FKBP3	RPLP1
FKBP3	RPS12
FKBP3	S100A13
FKBP3	SH3BGRL2
FKBP3	SOD2
FKBP3	SRI
FKBP3	SSBP1
FKBP3	STIP1
FKBP3	STMN1
FKBP3	STMN2
FKBP3	STX4
FKBP3	SYN1
FKBP3	TXNL1
FKBP3	UBE2V2
FKBP3	UQCRB
FKBP3	UQCRC2
FTH1	GABARAPL2
FTH1	GAPDH
FTH1	GRB2
FTH1	GSS
FTH1	HAGH
FTH1	HNRNPL
FTH1	ISCU
FTH1	KHSRP
FTH1	MAP6D1
FTH1	MAPT
FTH1	MBP
FTH1	MDH2
FTH1	NDUFA7
FTH1	NDUFS4
FTH1	NDUFS5
FTH1	NIF3L1
FTH1	NIPSNAP3A
FTH1	NIPSNAP3B
FTH1	PDCD6
FTH1	PEF1
FTH1	PKM
FTH1	RPS12
FTH1	S100A13
FTH1	SH3BGRL2
FTH1	SOD2
FTH1	SRI
FTH1	SSBP1
FTH1	STIP1
FTH1	STMN1
FTH1	STX4
FTH1	UBE2V2
FTH1	UQCRB
FUS	GABARAPL2
FUS	GAPDH
FUS	RACK1
FUS	GRB2
FUS	GSS
FUS	HAGH
FUS	HNRNPL
FUS	HSP90AB4P
FUS	KHSRP
FUS	LANCL1
FUS	MAP6D1
FUS	MAPT
FUS	MBP
FUS	MDH2
FUS	NDUFA7
FUS	NDUFS4
FUS	NIF3L1
FUS	NIPSNAP3A
FUS	PABPC1
FUS	PDAP1
FUS	PDCD6
FUS	RPS12
FUS	S100A13
FUS	SOD2
FUS	SSBP1
FUS	STIP1
FUS	STMN1
FUS	STMN2
FUS	UBE2V2
FUS	UQCRB
FUS	UQCRC2
GABARAPL2	GAPDH
GABARAPL2	RACK1
GABARAPL2	GPS1
GABARAPL2	GRB2
GABARAPL2	GSS
GABARAPL2	HADH
GABARAPL2	HAGH
GABARAPL2	HNRNPL
GABARAPL2	HP
GABARAPL2	HSP90AA1
GABARAPL2	HSP90AB1
GABARAPL2	HSP90AB4P
GABARAPL2	HSPA8
GABARAPL2	HSPA9
GABARAPL2	A0A087WZW8
GABARAPL2	ISCU
GABARAPL2	ITGB8
GABARAPL2	KHSRP
GABARAPL2	RUBCNL
GABARAPL2	LANCL1
GABARAPL2	LASP1
GABARAPL2	MAP6D1
GABARAPL2	MAPT
GABARAPL2	MAT2B
GABARAPL2	MBP
GABARAPL2	MCTS1
GABARAPL2	MDH2
GABARAPL2	NAP1L1
GABARAPL2	NDUFA7
GABARAPL2	NDUFS4
GABARAPL2	NDUFS5
GABARAPL2	NIF3L1
GABARAPL2	NIPSNAP3A
GABARAPL2	NIPSNAP3B
GABARAPL2	PABPC1
GABARAPL2	PDAP1
GABARAPL2	PDCD6
GABARAPL2	PEF1
GABARAPL2	PITHD1
GABARAPL2	PKM
GABARAPL2	PLD3
GABARAPL2	PPIB
GABARAPL2	PPIL1
GABARAPL2	PPP5C
GABARAPL2	PRPSAP2
GABARAPL2	PTPN11
GABARAPL2	RAB27B
GABARAPL2	RPLP1
GABARAPL2	RPS12
GABARAPL2	S100A13
GABARAPL2	SARS
GABARAPL2	SDHA
GABARAPL2	SEPTIN11
GABARAPL2	SH3BGRL2
GABARAPL2	SOD2
GABARAPL2	SRI
GABARAPL2	SSBP1
GABARAPL2	STIP1
GABARAPL2	STMN1
GABARAPL2	STMN2
GABARAPL2	STX4
GABARAPL2	SYN1
GABARAPL2	A0A087WW96
GABARAPL2	TMEM30A
GABARAPL2	TXNL1
GABARAPL2	UBE2V2
GABARAPL2	UQCRB
GABARAPL2	UQCRC2
GABARAPL2	VPS13C
GAPDH	RACK1
GAPDH	GPS1
GAPDH	GRB2
GAPDH	GSS
GAPDH	HADH
GAPDH	HAGH
GAPDH	HNRNPL
GAPDH	HP
GAPDH	HSP90AA1
GAPDH	HSP90AB1
GAPDH	HSP90AB4P
GAPDH	HSPA6
GAPDH	HSPA8
GAPDH	HSPA9
GAPDH	A0A087WZW8
GAPDH	ISCU
GAPDH	ITGB8
GAPDH	KHSRP
GAPDH	RUBCNL
GAPDH	LANCL1
GAPDH	LASP1
GAPDH	MAP6D1
GAPDH	MAPT
GAPDH	MAT2B
GAPDH	MBP
GAPDH	MCTS1
GAPDH	MDH2
GAPDH	NAP1L1
GAPDH	NDUFA7
GAPDH	NDUFS4
GAPDH	NDUFS5
GAPDH	NIF3L1
GAPDH	NIPSNAP3A
GAPDH	NIPSNAP3B
GAPDH	PABPC1
GAPDH	PDAP1
GAPDH	PDCD6
GAPDH	PEF1
GAPDH	PITHD1
GAPDH	PKM
GAPDH	PLD3
GAPDH	PPIB
GAPDH	PPIL1
GAPDH	PPP5C
GAPDH	PRPSAP2
GAPDH	PTPN11
GAPDH	RPS12
GAPDH	S100A13
GAPDH	SARS
GAPDH	SDHA
GAPDH	SEPTIN11
GAPDH	SH3BGRL2
GAPDH	SOD2
GAPDH	SRI
GAPDH	SSBP1
GAPDH	STIP1
GAPDH	STMN1
GAPDH	STMN2
GAPDH	STX4
GAPDH	SYN1
GAPDH	A0A087WW96
GAPDH	TXNL1
GAPDH	UBE2V2
GAPDH	UQCRB
GAPDH	UQCRC2
GAPDH	VPS13C
RACK1	GRB2
RACK1	GSS
RACK1	HADH
RACK1	HAGH
RACK1	HSP90AB4P
RACK1	HSPA8
RACK1	HSPA9
RACK1	ISCU
RACK1	KHSRP
RACK1	RUBCNL
RACK1	LANCL1
RACK1	MAPT
RACK1	MBP
RACK1	MCTS1
RACK1	MDH2
RACK1	NDUFA7
RACK1	NDUFS4
RACK1	NDUFS5
RACK1	NIF3L1
RACK1	NIPSNAP3A
RACK1	PABPC1
RACK1	PDAP1
RACK1	PDCD6
RACK1	PEF1
RACK1	PITHD1
RACK1	PKM
RACK1	PLD3
RACK1	PPIB
RACK1	PPIL1
RACK1	PPP5C
RACK1	PTPN11
RACK1	RPS12
RACK1	S100A13
RACK1	SARS
RACK1	SDHA
RACK1	SEPTIN11
RACK1	SH3BGRL2
RACK1	SOD2
RACK1	SRI
RACK1	SSBP1
RACK1	STIP1
RACK1	STMN1
RACK1	STMN2
RACK1	SYN1
RACK1	A0A087WW96
RACK1	TXNL1
RACK1	UBE2V2
RACK1	UQCRB
RACK1	UQCRC2
RACK1	VPS13C
GPS1	GRB2
GPS1	GSS
GPS1	HAGH
GPS1	HSP90AA1
GPS1	KHSRP
GPS1	MAPT
GPS1	MCTS1
GPS1	MDH2
GPS1	NDUFA7
GPS1	NDUFS4
GPS1	NIF3L1
GPS1	NIPSNAP3A
GPS1	PDCD6
GPS1	PEF1
GPS1	PPIB
GPS1	S100A13
GPS1	SH3BGRL2
GPS1	SOD2
GPS1	SRI
GPS1	SSBP1
GPS1	STIP1
GPS1	SYN1
GPS1	UBE2V2
GPS1	UQCRB
GPS1	VPS13C
GRB2	GSS
GRB2	HADH
GRB2	HAGH
GRB2	HNRNPL
GRB2	HP
GRB2	HSP90AA1
GRB2	HSP90AB1
GRB2	HSP90AB4P
GRB2	HSP90B1
GRB2	HSPA6
GRB2	HSPA8
GRB2	HSPA9
GRB2	A0A087WZW8
GRB2	ISCU
GRB2	ITGB8
GRB2	KHSRP
GRB2	RUBCNL
GRB2	LANCL1
GRB2	LASP1
GRB2	MAP6D1
GRB2	MAPT
GRB2	MAT2B
GRB2	MBP
GRB2	MCTS1
GRB2	MDH2
GRB2	NAP1L1
GRB2	NDUFA7
GRB2	NDUFS4
GRB2	NDUFS5
GRB2	NIF3L1
GRB2	NIPSNAP3A
GRB2	NIPSNAP3B
GRB2	PABPC1
GRB2	PDAP1
GRB2	PDCD6
GRB2	PEF1
GRB2	PITHD1
GRB2	PKM
GRB2	PLD3
GRB2	PPIB
GRB2	PPIL1
GRB2	PPP5C
GRB2	PRPSAP2
GRB2	PTPN11
GRB2	RPS12
GRB2	S100A13
GRB2	SARS
GRB2	SDHA
GRB2	SEPTIN11
GRB2	SH3BGRL2
GRB2	SOD2
GRB2	SRI
GRB2	SSBP1
GRB2	STIP1
GRB2	STMN1
GRB2	STMN2
GRB2	STX4
GRB2	SYN1
GRB2	A0A087WW96
GRB2	TMEM30A
GRB2	TXNL1
GRB2	UBE2V2
GRB2	UQCRB
GRB2	UQCRC2
GRB2	VPS13C
GSS	HADH
GSS	HAGH
GSS	HP
GSS	HSP90AB1
GSS	HSP90AB4P
GSS	HSPA6
GSS	HSPA8
GSS	HSPA9
GSS	A0A087WZW8
GSS	ISCU
GSS	KHSRP
GSS	RUBCNL
GSS	LANCL1
GSS	LASP1
GSS	MAPT
GSS	MAT2B
GSS	MBP
GSS	MCTS1
GSS	MDH2
GSS	NAP1L1
GSS	NDUFA7
GSS	NDUFS4
GSS	NDUFS5
GSS	NIF3L1
GSS	NIPSNAP3A
GSS	NIPSNAP3B
GSS	PABPC1
GSS	PDAP1
GSS	PDCD6
GSS	PEF1
GSS	PITHD1
GSS	PKM
GSS	PLD3
GSS	PPIB
GSS	PPIL1
GSS	PPP5C
GSS	PTPN11
GSS	S100A13
GSS	SARS
GSS	SDHA
GSS	SEPTIN11
GSS	SH3BGRL2
GSS	SOD2
GSS	SRI
GSS	SSBP1
GSS	STIP1
GSS	STMN1
GSS	STMN2
GSS	STX4
GSS	SYN1
GSS	A0A087WW96
GSS	TXNL1
GSS	UBE2V2
GSS	UQCRB
GSS	UQCRC2
GSS	VPS13C
HADH	HAGH
HADH	HSPA6
HADH	HSPA8
HADH	HSPA9
HADH	A0A087WZW8
HADH	KHSRP
HADH	RUBCNL
HADH	LANCL1
HADH	MAPT
HADH	MCTS1
HADH	MDH2
HADH	NDUFS4
HADH	NIF3L1
HADH	NIPSNAP3A
HADH	PABPC1
HADH	PDCD6
HADH	PEF1
HADH	PITHD1
HADH	PKM
HADH	PPIB
HADH	PPIL1
HADH	PPP5C
HADH	PTPN11
HADH	S100A13
HADH	SARS
HADH	SDHA
HADH	SEPTIN11
HADH	SH3BGRL2
HADH	SOD2
HADH	SRI
HADH	SSBP1
HADH	STIP1
HADH	SYN1
HADH	A0A087WW96
HADH	TXNL1
HADH	UBE2V2
HADH	UQCRC2
HAGH	HNRNPL
HAGH	HP
HAGH	HSP90AA1
HAGH	HSP90AB1
HAGH	HSP90B1
HAGH	A0A087WZW8
HAGH	ISCU
HAGH	ITGB8
HAGH	KHSRP
HAGH	RUBCNL
HAGH	LANCL1
HAGH	MAP6D1
HAGH	MAPT
HAGH	MAT2B
HAGH	MBP
HAGH	MCTS1
HAGH	MDH2
HAGH	NAP1L1
HAGH	NDUFA7
HAGH	NDUFS4
HAGH	NDUFS5
HAGH	NIF3L1
HAGH	NIPSNAP3A
HAGH	NIPSNAP3B
HAGH	NUDC
HAGH	PABPC1
HAGH	PDAP1
HAGH	PDCD6
HAGH	PEF1
HAGH	PITHD1
HAGH	PKM
HAGH	PLD3
HAGH	PPIB
HAGH	PPIL1
HAGH	PRPSAP2
HAGH	PTPN11
HAGH	RPLP1
HAGH	RPS12
HAGH	S100A13
HAGH	SARS
HAGH	SDHA
HAGH	SH3BGRL2
HAGH	SOD2
HAGH	SRI
HAGH	SSBP1
HAGH	STIP1
HAGH	STMN1
HAGH	STMN2
HAGH	STX4
HAGH	SYN1
HAGH	A0A087WW96
HAGH	TXNL1
HAGH	UBE2V2
HAGH	UQCRB
HAGH	UQCRC2
HAGH	VPS13C
HNRNPL	ISCU
HNRNPL	KHSRP
HNRNPL	MAPT
HNRNPL	MBP
HNRNPL	MDH2
HNRNPL	NDUFA7
HNRNPL	NDUFS4
HNRNPL	NDUFS5
HNRNPL	NIPSNAP3A
HNRNPL	PDAP1
HNRNPL	PDCD6
HNRNPL	PEF1
HNRNPL	RPLP1
HNRNPL	RPS12
HNRNPL	S100A13
HNRNPL	SH3BGRL2
HNRNPL	SOD2
HNRNPL	SRI
HNRNPL	STMN1
HNRNPL	UBE2V2
HNRNPL	UQCRB
HP	HSPA8
HP	A0A087WZW8
HP	KHSRP
HP	RUBCNL
HP	MAPT
HP	MAT2B
HP	MCTS1
HP	MDH2
HP	NDUFA7
HP	NDUFS4
HP	NIF3L1
HP	NIPSNAP3A
HP	PDCD6
HP	PEF1
HP	PITHD1
HP	PKM
HP	PLD3
HP	PPIB
HP	S100A13
HP	SARS
HP	SDHA
HP	SH3BGRL2
HP	SOD2
HP	SRI
HP	SSBP1
HP	STIP1
HP	SYN1
HP	UBE2V2
HP	UQCRB
HSP90AA1	HSP90AB1
HSP90AA1	HSP90B1
HSP90AA1	MDH2
HSP90AA1	NDUFS4
HSP90AA1	PDAP1
HSP90AA1	PDCD6
HSP90AA1	PEF1
HSP90AA1	RAB27B
HSP90AA1	STMN1
HSP90AA1	TMEM30A
HSP90AA1	UBE2V2
HSP90AB1	HSP90B1
HSP90AB1	MCTS1
HSP90AB1	MDH2
HSP90AB1	NDUFS4
HSP90AB1	NIF3L1
HSP90AB1	PDCD6
HSP90AB1	PKM
HSP90AB1	PPIB
HSP90AB1	RAB27B
HSP90AB1	S100A13
HSP90AB1	SOD2
HSP90AB1	SRI
HSP90AB1	SSBP1
HSP90AB1	STIP1
HSP90AB1	STMN1
HSP90AB1	STMN2
HSP90AB1	TMEM30A
HSP90AB1	UBE2V2
HSP90AB4P	KHSRP
HSP90AB4P	LANCL1
HSP90AB4P	LASP1
HSP90AB4P	MAPT
HSP90AB4P	MAT2B
HSP90AB4P	MDH2
HSP90AB4P	NDUFA7
HSP90AB4P	NDUFS4
HSP90AB4P	NIF3L1
HSP90AB4P	PABPC1
HSP90AB4P	PDAP1
HSP90AB4P	PDCD6
HSP90AB4P	PKM
HSP90AB4P	PRPSAP2
HSP90AB4P	S100A13
HSP90AB4P	SEPTIN11
HSP90AB4P	SOD2
HSP90AB4P	SSBP1
HSP90AB4P	STIP1
HSP90AB4P	STMN1
HSP90AB4P	STMN2
HSP90AB4P	UBE2V2
HSP90AB4P	UQCRC2
HSP90B1	MDH2
HSP90B1	NDUFS4
HSP90B1	PEF1
HSP90B1	TMEM30A
HSPA6	HSPA8
HSPA6	HSPA9
HSPA6	RUBCNL
HSPA6	MCTS1
HSPA6	NIF3L1
HSPA6	PKM
HSPA6	PPIB
HSPA6	PPP5C
HSPA6	PTPN11
HSPA6	S100A13
HSPA6	SARS
HSPA6	SDHA
HSPA6	SEPTIN11
HSPA6	SOD2
HSPA6	SSBP1
HSPA6	STIP1
HSPA6	A0A087WW96
HSPA6	TK2
HSPA6	TXNL1
HSPA6	UBE2V2
HSPA8	HSPA9
HSPA8	A0A087WZW8
HSPA8	KHSRP
HSPA8	RUBCNL
HSPA8	LANCL1
HSPA8	MAPT
HSPA8	MCTS1
HSPA8	NDUFA7
HSPA8	NDUFS4
HSPA8	NIF3L1
HSPA8	PABPC1
HSPA8	PDCD6
HSPA8	PITHD1
HSPA8	PKM
HSPA8	PLD3
HSPA8	PPIB
HSPA8	PPIL1
HSPA8	PPP5C
HSPA8	PTPN11
HSPA8	S100A13
HSPA8	SARS
HSPA8	SDHA
HSPA8	SEPTIN11
HSPA8	SH3BGRL2
HSPA8	SOD2
HSPA8	SSBP1
HSPA8	STIP1
HSPA8	STMN1
HSPA8	STMN2
HSPA8	SYN1
HSPA8	A0A087WW96
HSPA8	TK2
HSPA8	TXNL1
HSPA8	UBE2V2
HSPA8	UQCRC2
HSPA9	RUBCNL
HSPA9	LANCL1
HSPA9	MCTS1
HSPA9	NDUFS4
HSPA9	NIF3L1
HSPA9	PABPC1
HSPA9	PKM
HSPA9	PLD3
HSPA9	PPIB
HSPA9	PPP5C
HSPA9	PTPN11
HSPA9	S100A13
HSPA9	SARS
HSPA9	SDHA
HSPA9	SEPTIN11
HSPA9	SSBP1
HSPA9	STIP1
HSPA9	STMN2
HSPA9	A0A087WW96
HSPA9	TK2
HSPA9	TXNL1
HSPA9	UBE2V2
HSPA9	UQCRC2
A0A087WZW8	KHSRP
A0A087WZW8	RUBCNL
A0A087WZW8	LANCL1
A0A087WZW8	MAPT
A0A087WZW8	MBP
A0A087WZW8	MCTS1
A0A087WZW8	MDH2
A0A087WZW8	NDUFA7
A0A087WZW8	NDUFS4
A0A087WZW8	NIF3L1
A0A087WZW8	NIPSNAP3A
A0A087WZW8	PDCD6
A0A087WZW8	PEF1
A0A087WZW8	PITHD1
A0A087WZW8	PKM
A0A087WZW8	PLD3
A0A087WZW8	PPIB
A0A087WZW8	PTPN11
A0A087WZW8	S100A13
A0A087WZW8	SDHA
A0A087WZW8	SH3BGRL2
A0A087WZW8	SOD2
A0A087WZW8	SRI
A0A087WZW8	SSBP1
A0A087WZW8	STIP1
A0A087WZW8	STMN1
A0A087WZW8	SYN1
A0A087WZW8	UBE2V2
A0A087WZW8	UQCRB
ISCU	KHSRP
ISCU	MAP6D1
ISCU	MAPT
ISCU	MAT2B
ISCU	MBP
ISCU	MCTS1
ISCU	MDH2
ISCU	NDUFA7
ISCU	NDUFS4
ISCU	NDUFS5
ISCU	NIF3L1
ISCU	NIPSNAP3A
ISCU	NIPSNAP3B
ISCU	NUDC
ISCU	PDAP1
ISCU	PDCD6
ISCU	PEF1
ISCU	PLD3
ISCU	PRPSAP2
ISCU	PTPN11
ISCU	RPLP1
ISCU	RPS12
ISCU	S100A13
ISCU	SH3BGRL2
ISCU	SOD2
ISCU	SRI
ISCU	SSBP1
ISCU	STMN1
ISCU	STMN2
ISCU	STX4
ISCU	SYN1
ISCU	A0A087WW96
ISCU	TXNL1
ISCU	UBE2V2
ISCU	UQCRB
ISCU	UQCRC2
ITGB8	KHSRP
ITGB8	MAPT
ITGB8	MDH2
ITGB8	NDUFA7
ITGB8	NDUFS4
ITGB8	NDUFS5
ITGB8	NIF3L1
ITGB8	PDAP1
ITGB8	PDCD6
ITGB8	S100A13
ITGB8	SOD2
ITGB8	SSBP1
ITGB8	STMN1
ITGB8	UBE2V2
ITGB8	UQCRB
ITGB8	UQCRC2
KHSRP	RUBCNL
KHSRP	LANCL1
KHSRP	LASP1
KHSRP	MAP6D1
KHSRP	MAPT
KHSRP	MAT2B
KHSRP	MBP
KHSRP	MCTS1
KHSRP	MDH2
KHSRP	NAP1L1
KHSRP	NDUFA7
KHSRP	NDUFS4
KHSRP	NDUFS5
KHSRP	NIF3L1
KHSRP	NIPSNAP3A
KHSRP	PABPC1
KHSRP	PDAP1
KHSRP	PDCD6
KHSRP	PEF1
KHSRP	PITHD1
KHSRP	PKM
KHSRP	PLD3
KHSRP	PPIB
KHSRP	PPP5C
KHSRP	PRPSAP2
KHSRP	PTPN11
KHSRP	RPS12
KHSRP	S100A13
KHSRP	SARS
KHSRP	SDHA
KHSRP	SH3BGRL2
KHSRP	SOD2
KHSRP	SRI
KHSRP	SSBP1
KHSRP	STIP1
KHSRP	STMN1
KHSRP	STMN2
KHSRP	STX4
KHSRP	UBE2V2
KHSRP	UQCRB
KHSRP	UQCRC2
KHSRP	VPS13C
RUBCNL	MAPT
RUBCNL	MCTS1
RUBCNL	NDUFA7
RUBCNL	NDUFS4
RUBCNL	NIF3L1
RUBCNL	NIPSNAP3A
RUBCNL	PABPC1
RUBCNL	PDCD6
RUBCNL	PITHD1
RUBCNL	PKM
RUBCNL	PLD3
RUBCNL	PPIB
RUBCNL	PPP5C
RUBCNL	PTPN11
RUBCNL	S100A13
RUBCNL	SARS
RUBCNL	SDHA
RUBCNL	SH3BGRL2
RUBCNL	SOD2
RUBCNL	SRI
RUBCNL	SSBP1
RUBCNL	STIP1
RUBCNL	SYN1
RUBCNL	A0A087WW96
RUBCNL	TK2
RUBCNL	TXNL1
RUBCNL	UBE2V2
LANCL1	LASP1
LANCL1	MAPT
LANCL1	MAT2B
LANCL1	MCTS1
LANCL1	MDH2
LANCL1	NDUFA7
LANCL1	NDUFS4
LANCL1	NIF3L1
LANCL1	NIPSNAP3A
LANCL1	PABPC1
LANCL1	PDAP1
LANCL1	PDCD6
LANCL1	PITHD1
LANCL1	PKM
LANCL1	PPIB
LANCL1	PRPSAP2
LANCL1	PTPN11
LANCL1	S100A13
LANCL1	SARS
LANCL1	SDHA
LANCL1	SEPTIN11
LANCL1	SOD2
LANCL1	SSBP1
LANCL1	STIP1
LANCL1	STMN1
LANCL1	STMN2
LANCL1	A0A087WW96
LANCL1	UBE2V2
LANCL1	UQCRB
LANCL1	UQCRC2
LANCL1	VPS13C
LASP1	MAPT
LASP1	MAT2B
LASP1	MCTS1
LASP1	NDUFS4
LASP1	NIF3L1
LASP1	PDCD6
LASP1	PKM
LASP1	PPIB
LASP1	S100A13
LASP1	SOD2
LASP1	SSBP1
LASP1	STIP1
LASP1	STMN1
LASP1	UBE2V2
LASP1	UQCRC2
MAP6D1	MAPT
MAP6D1	MBP
MAP6D1	MDH2
MAP6D1	NDUFA7
MAP6D1	NDUFS4
MAP6D1	NDUFS5
MAP6D1	NIF3L1
MAP6D1	NIPSNAP3A
MAP6D1	PDAP1
MAP6D1	PDCD6
MAP6D1	PEF1
MAP6D1	RPLP1
MAP6D1	RPS12
MAP6D1	S100A13
MAP6D1	SH3BGRL2
MAP6D1	SOD2
MAP6D1	SRI
MAP6D1	SSBP1
MAP6D1	STMN1
MAP6D1	STMN2
MAP6D1	UBE2V2
MAP6D1	UQCRB
MAPT	MAT2B
MAPT	MBP
MAPT	MCTS1
MAPT	MDH2
MAPT	NAP1L1
MAPT	NDUFA7
MAPT	NDUFS4
MAPT	NDUFS5
MAPT	NIF3L1
MAPT	NIPSNAP3A
MAPT	NIPSNAP3B
MAPT	PABPC1
MAPT	PDAP1
MAPT	PDCD6
MAPT	PEF1
MAPT	PITHD1
MAPT	PKM
MAPT	PLD3
MAPT	PPIB
MAPT	PRPSAP2
MAPT	PTPN11
MAPT	RPLP1
MAPT	RPS12
MAPT	S100A13
MAPT	SARS
MAPT	SH3BGRL2
MAPT	SOD2
MAPT	SRI
MAPT	SSBP1
MAPT	STIP1
MAPT	STMN1
MAPT	STMN2
MAPT	STX4
MAPT	SYN1
MAPT	A0A087WW96
MAPT	TXNL1
MAPT	UBE2V2
MAPT	UQCRB
MAPT	UQCRC2
MAPT	VPS13C
MAT2B	MDH2
MAT2B	NDUFA7
MAT2B	NDUFS4
MAT2B	NIF3L1
MAT2B	NIPSNAP3A
MAT2B	PDCD6
MAT2B	PEF1
MAT2B	PKM
MAT2B	PLD3
MAT2B	PRPSAP2
MAT2B	S100A13
MAT2B	SH3BGRL2
MAT2B	SOD2
MAT2B	SRI
MAT2B	SSBP1
MAT2B	STIP1
MAT2B	STMN1
MAT2B	UBE2V2
MAT2B	UQCRB
MAT2B	UQCRC2
MBP	MCTS1
MBP	MDH2
MBP	NDUFA7
MBP	NDUFS4
MBP	NDUFS5
MBP	NIF3L1
MBP	NIPSNAP3A
MBP	NIPSNAP3B
MBP	PDAP1
MBP	PDCD6
MBP	PEF1
MBP	PITHD1
MBP	PKM
MBP	PLD3
MBP	PPIB
MBP	PRPSAP2
MBP	PTPN11
MBP	RPLP1
MBP	RPS12
MBP	S100A13
MBP	SH3BGRL2
MBP	SOD2
MBP	SRI
MBP	SSBP1
MBP	STIP1
MBP	STMN1
MBP	STMN2
MBP	STX4
MBP	SYN1
MBP	UBE2V2
MBP	UQCRB
MBP	UQCRC2
MCTS1	MDH2
MCTS1	NDUFA7
MCTS1	NDUFS4
MCTS1	NDUFS5
MCTS1	NIF3L1
MCTS1	NIPSNAP3A
MCTS1	PABPC1
MCTS1	PDCD6
MCTS1	PEF1
MCTS1	PITHD1
MCTS1	PKM
MCTS1	PLD3
MCTS1	PPIB
MCTS1	PPP5C
MCTS1	PTPN11
MCTS1	S100A13
MCTS1	SARS
MCTS1	SDHA
MCTS1	SEPTIN11
MCTS1	SH3BGRL2
MCTS1	SOD2
MCTS1	SRI
MCTS1	SSBP1
MCTS1	STIP1
MCTS1	STMN1
MCTS1	STMN2
MCTS1	SYN1
MCTS1	A0A087WW96
MCTS1	TXNL1
MCTS1	UBE2V2
MCTS1	UQCRB
MCTS1	UQCRC2
MDH2	NAP1L1
MDH2	NDUFA7
MDH2	NDUFS4
MDH2	NDUFS5
MDH2	NIF3L1
MDH2	NIPSNAP3A
MDH2	NIPSNAP3B
MDH2	PABPC1
MDH2	PDAP1
MDH2	PDCD6
MDH2	PEF1
MDH2	PITHD1
MDH2	PKM
MDH2	PLD3
MDH2	PPIB
MDH2	PPIL1
MDH2	PRPSAP2
MDH2	PTPN11
MDH2	RPS12
MDH2	S100A13
MDH2	SARS
MDH2	SDHA
MDH2	SH3BGRL2
MDH2	SOD2
MDH2	SRI
MDH2	SSBP1
MDH2	STIP1
MDH2	STMN1
MDH2	STMN2
MDH2	STX4
MDH2	SYN1
MDH2	A0A087WW96
MDH2	TXNL1
MDH2	UBE2V2
MDH2	UQCRB
MDH2	UQCRC2
MDH2	VPS13C
NAP1L1	NDUFA7
NAP1L1	NDUFS4
NAP1L1	NIF3L1
NAP1L1	NIPSNAP3A
NAP1L1	PDCD6
NAP1L1	PITHD1
NAP1L1	PKM
NAP1L1	S100A13
NAP1L1	SH3BGRL2
NAP1L1	SOD2
NAP1L1	SRI
NAP1L1	SSBP1
NAP1L1	STIP1
NAP1L1	STX4
NAP1L1	UBE2V2
NAP1L1	UQCRB
NDUFA7	NDUFS4
NDUFA7	NDUFS5
NDUFA7	NIF3L1
NDUFA7	NIPSNAP3A
NDUFA7	NIPSNAP3B
NDUFA7	PABPC1
NDUFA7	PDAP1
NDUFA7	PDCD6
NDUFA7	PEF1
NDUFA7	PITHD1
NDUFA7	PKM
NDUFA7	PLD3
NDUFA7	PPIB
NDUFA7	PPIL1
NDUFA7	PPP5C
NDUFA7	PRPSAP2
NDUFA7	PTPN11
NDUFA7	RPLP1
NDUFA7	RPS12
NDUFA7	S100A13
NDUFA7	SARS
NDUFA7	SH3BGRL2
NDUFA7	SOD2
NDUFA7	SRI
NDUFA7	SSBP1
NDUFA7	STIP1
NDUFA7	STMN1
NDUFA7	STMN2
NDUFA7	STX4
NDUFA7	SYN1
NDUFA7	TXNL1
NDUFA7	UBE2V2
NDUFA7	UQCRB
NDUFA7	UQCRC2
NDUFA7	VPS13C
NDUFS4	NDUFS5
NDUFS4	NIF3L1
NDUFS4	NIPSNAP3A
NDUFS4	NIPSNAP3B
NDUFS4	NUDC
NDUFS4	PABPC1
NDUFS4	PDAP1
NDUFS4	PDCD6
NDUFS4	PEF1
NDUFS4	PITHD1
NDUFS4	PKM
NDUFS4	PLD3
NDUFS4	PPIB
NDUFS4	PPIL1
NDUFS4	PPP5C
NDUFS4	PRPSAP2
NDUFS4	PTPN11
NDUFS4	RPLP1
NDUFS4	RPS12
NDUFS4	S100A13
NDUFS4	SARS
NDUFS4	SDHA
NDUFS4	SEPTIN11
NDUFS4	SH3BGRL2
NDUFS4	SOD2
NDUFS4	SRI
NDUFS4	SSBP1
NDUFS4	STIP1
NDUFS4	STMN1
NDUFS4	STMN2
NDUFS4	STX4
NDUFS4	SYN1
NDUFS4	A0A087WW96
NDUFS4	TXNL1
NDUFS4	UBE2V2
NDUFS4	UQCRB
NDUFS4	UQCRC2
NDUFS4	VPS13C
NDUFS5	NIF3L1
NDUFS5	NIPSNAP3A
NDUFS5	NIPSNAP3B
NDUFS5	PABPC1
NDUFS5	PDAP1
NDUFS5	PDCD6
NDUFS5	PEF1
NDUFS5	PKM
NDUFS5	PLD3
NDUFS5	PRPSAP2
NDUFS5	PTPN11
NDUFS5	RPLP1
NDUFS5	RPS12
NDUFS5	S100A13
NDUFS5	SH3BGRL2
NDUFS5	SOD2
NDUFS5	SRI
NDUFS5	SSBP1
NDUFS5	STIP1
NDUFS5	STMN1
NDUFS5	STMN2
NDUFS5	STX4
NDUFS5	SYN1
NDUFS5	TXNL1
NDUFS5	UBE2V2
NDUFS5	UQCRB
NDUFS5	UQCRC2
NIF3L1	NIPSNAP3A
NIF3L1	NIPSNAP3B
NIF3L1	PABPC1
NIF3L1	PDAP1
NIF3L1	PDCD6
NIF3L1	PEF1
NIF3L1	PITHD1
NIF3L1	PKM
NIF3L1	PLD3
NIF3L1	PPIB
NIF3L1	PPP5C
NIF3L1	PRPSAP2
NIF3L1	PTPN11
NIF3L1	RPS12
NIF3L1	S100A13
NIF3L1	SARS
NIF3L1	SDHA
NIF3L1	SH3BGRL2
NIF3L1	SOD2
NIF3L1	SRI
NIF3L1	SSBP1
NIF3L1	STIP1
NIF3L1	STMN1
NIF3L1	STMN2
NIF3L1	STX4
NIF3L1	SYN1
NIF3L1	TXNL1
NIF3L1	UBE2V2
NIF3L1	UQCRB
NIF3L1	UQCRC2
NIF3L1	VPS13C
NIPSNAP3A	NIPSNAP3B
NIPSNAP3A	PABPC1
NIPSNAP3A	PDAP1
NIPSNAP3A	PDCD6
NIPSNAP3A	PEF1
NIPSNAP3A	PITHD1
NIPSNAP3A	PKM
NIPSNAP3A	PLD3
NIPSNAP3A	PPIB
NIPSNAP3A	PRPSAP2
NIPSNAP3A	PTPN11
NIPSNAP3A	RPS12
NIPSNAP3A	S100A13
NIPSNAP3A	SH3BGRL2
NIPSNAP3A	SOD2
NIPSNAP3A	SRI
NIPSNAP3A	SSBP1
NIPSNAP3A	STIP1
NIPSNAP3A	STMN1
NIPSNAP3A	STMN2
NIPSNAP3A	STX4
NIPSNAP3A	SYN1
NIPSNAP3A	TMEM30A
NIPSNAP3A	TXNL1
NIPSNAP3A	UBE2V2
NIPSNAP3A	UQCRB
NIPSNAP3A	UQCRC2
NIPSNAP3A	VPS13C
NIPSNAP3B	PDAP1
NIPSNAP3B	PDCD6
NIPSNAP3B	PEF1
NIPSNAP3B	PKM
NIPSNAP3B	RPS12
NIPSNAP3B	S100A13
NIPSNAP3B	SH3BGRL2
NIPSNAP3B	SOD2
NIPSNAP3B	SRI
NIPSNAP3B	SSBP1
NIPSNAP3B	STIP1
NIPSNAP3B	SYN1
NIPSNAP3B	UBE2V2
NIPSNAP3B	UQCRB
NIPSNAP3B	UQCRC2
NUDC	STX4
NUDC	SYN1
PABPC1	PDAP1
PABPC1	PDCD6
PABPC1	PEF1
PABPC1	PKM
PABPC1	PPP5C
PABPC1	PTPN11
PABPC1	S100A13
PABPC1	SARS
PABPC1	SDHA
PABPC1	SEPTIN11
PABPC1	SOD2
PABPC1	SSBP1
PABPC1	STIP1
PABPC1	STMN1
PABPC1	STMN2
PABPC1	UBE2V2
PABPC1	UQCRB
PABPC1	UQCRC2
PABPC1	VPS13C
PDAP1	PDCD6
PDAP1	PEF1
PDAP1	PITHD1
PDAP1	PKM
PDAP1	PLD3
PDAP1	PRPSAP2
PDAP1	RAB27B
PDAP1	RPLP1
PDAP1	RPS12
PDAP1	S100A13
PDAP1	SH3BGRL2
PDAP1	SOD2
PDAP1	SRI
PDAP1	SSBP1
PDAP1	STIP1
PDAP1	STMN1
PDAP1	STMN2
PDAP1	STX4
PDAP1	TMEM30A
PDAP1	UBE2V2
PDAP1	UQCRB
PDAP1	UQCRC2
PDAP1	VPS13C
PDCD6	PEF1
PDCD6	PITHD1
PDCD6	PKM
PDCD6	PLD3
PDCD6	PPIB
PDCD6	PPIL1
PDCD6	PPP5C
PDCD6	PRPSAP2
PDCD6	PTPN11
PDCD6	RPLP1
PDCD6	RPS12
PDCD6	S100A13
PDCD6	SARS
PDCD6	SDHA
PDCD6	SH3BGRL2
PDCD6	SOD2
PDCD6	SRI
PDCD6	SSBP1
PDCD6	STIP1
PDCD6	STMN1
PDCD6	STMN2
PDCD6	STX4
PDCD6	SYN1
PDCD6	A0A087WW96
PDCD6	TXNL1
PDCD6	UBE2V2
PDCD6	UQCRB
PDCD6	UQCRC2
PDCD6	VPS13C
PEF1	PITHD1
PEF1	PKM
PEF1	PLD3
PEF1	PPIB
PEF1	PRPSAP2
PEF1	PTPN11
PEF1	RPS12
PEF1	S100A13
PEF1	SH3BGRL2
PEF1	SOD2
PEF1	SRI
PEF1	SSBP1
PEF1	STIP1
PEF1	STMN1
PEF1	STMN2
PEF1	STX4
PEF1	SYN1
PEF1	A0A087WW96
PEF1	TXNL1
PEF1	UBE2V2
PEF1	UQCRB
PEF1	UQCRC2
PITHD1	PKM
PITHD1	PPIB
PITHD1	PTPN11
PITHD1	S100A13
PITHD1	SARS
PITHD1	SDHA
PITHD1	SEPTIN11
PITHD1	SH3BGRL2
PITHD1	SOD2
PITHD1	SRI
PITHD1	SSBP1
PITHD1	STIP1
PITHD1	STMN1
PITHD1	STMN2
PITHD1	SYN1
PITHD1	TXNL1
PITHD1	UBE2V2
PITHD1	UQCRB
PKM	PLD3
PKM	PPIB
PKM	PPIL1
PKM	PPP5C
PKM	PTPN11
PKM	S100A13
PKM	SARS
PKM	SDHA
PKM	SEPTIN11
PKM	SH3BGRL2
PKM	SOD2
PKM	SRI
PKM	SSBP1
PKM	STIP1
PKM	STMN1
PKM	STMN2
PKM	SYN1
PKM	A0A087WW96
PKM	TXNL1
PKM	UBE2V2
PKM	UQCRB
PKM	UQCRC2
PKM	VPS13C
PLD3	PPIB
PLD3	PTPN11
PLD3	S100A13
PLD3	SARS
PLD3	SDHA
PLD3	SH3BGRL2
PLD3	SOD2
PLD3	SRI
PLD3	SSBP1
PLD3	STIP1
PLD3	STMN1
PLD3	STX4
PLD3	SYN1
PLD3	A0A087WW96
PLD3	TXNL1
PLD3	UBE2V2
PLD3	UQCRB
PPIB	PPP5C
PPIB	PTPN11
PPIB	S100A13
PPIB	SARS
PPIB	SDHA
PPIB	SH3BGRL2
PPIB	SOD2
PPIB	SRI
PPIB	SSBP1
PPIB	STIP1
PPIB	STMN1
PPIB	SYN1
PPIB	A0A087WW96
PPIB	TXNL1
PPIB	UBE2V2
PPIB	UQCRB
PPIB	VPS13C
PPIL1	PPP5C
PPIL1	S100A13
PPIL1	SARS
PPIL1	SDHA
PPIL1	SH3BGRL2
PPIL1	SSBP1
PPIL1	STIP1
PPIL1	SYN1
PPIL1	TXNL1
PPIL1	UBE2V2
PPP5C	PTPN11
PPP5C	S100A13
PPP5C	SARS
PPP5C	SDHA
PPP5C	SEPTIN11
PPP5C	SH3BGRL2
PPP5C	SOD2
PPP5C	SSBP1
PPP5C	STIP1
PPP5C	STMN2
PPP5C	A0A087WW96
PPP5C	TK2
PPP5C	TXNL1
PPP5C	UBE2V2
PRPSAP2	RPS12
PRPSAP2	S100A13
PRPSAP2	SH3BGRL2
PRPSAP2	SOD2
PRPSAP2	SRI
PRPSAP2	SSBP1
PRPSAP2	STMN1
PRPSAP2	UBE2V2
PRPSAP2	UQCRB
PRPSAP2	UQCRC2
PTPN11	S100A13
PTPN11	SARS
PTPN11	SDHA
PTPN11	SEPTIN11
PTPN11	SH3BGRL2
PTPN11	SOD2
PTPN11	SRI
PTPN11	SSBP1
PTPN11	STIP1
PTPN11	STMN1
PTPN11	STMN2
PTPN11	SYN1
PTPN11	A0A087WW96
PTPN11	TXNL1
PTPN11	UBE2V2
PTPN11	UQCRB
PTPN11	UQCRC2
RAB27B	SOD2
RAB27B	STMN1
RAB27B	STMN2
RAB27B	TMEM30A
RPLP1	RPS12
RPLP1	SH3BGRL2
RPLP1	SSBP1
RPLP1	UBE2V2
RPLP1	UQCRB
RPS12	S100A13
RPS12	SH3BGRL2
RPS12	SOD2
RPS12	SRI
RPS12	SSBP1
RPS12	STMN1
RPS12	STMN2
RPS12	STX4
RPS12	SYN1
RPS12	UBE2V2
RPS12	UQCRB
S100A13	SARS
S100A13	SDHA
S100A13	SH3BGRL2
S100A13	SOD2
S100A13	SRI
S100A13	SSBP1
S100A13	STIP1
S100A13	STMN1
S100A13	STMN2
S100A13	STX4
S100A13	SYN1
S100A13	TXNL1
S100A13	UBE2V2
S100A13	UQCRB
S100A13	UQCRC2
S100A13	VPS13C
SARS	SDHA
SARS	SEPTIN11
SARS	SH3BGRL2
SARS	SOD2
SARS	SSBP1
SARS	STIP1
SARS	STMN1
SARS	STMN2
SARS	A0A087WW96
SARS	TXNL1
SARS	UBE2V2
SARS	UQCRC2
SDHA	SEPTIN11
SDHA	SOD2
SDHA	SSBP1
SDHA	STIP1
SDHA	STMN1
SDHA	STMN2
SDHA	SYN1
SDHA	A0A087WW96
SDHA	TXNL1
SDHA	UBE2V2
SDHA	UQCRC2
SEPTIN11	SSBP1
SEPTIN11	STIP1
SEPTIN11	SYN1
SEPTIN11	A0A087WW96
SEPTIN11	TXNL1
SEPTIN11	UQCRC2
SH3BGRL2	SOD2
SH3BGRL2	SRI
SH3BGRL2	SSBP1
SH3BGRL2	STIP1
SH3BGRL2	STMN1
SH3BGRL2	STMN2
SH3BGRL2	STX4
SH3BGRL2	SYN1
SH3BGRL2	TXNL1
SH3BGRL2	UBE2V2
SH3BGRL2	UQCRB
SH3BGRL2	UQCRC2
SH3BGRL2	VPS13C
SOD2	SRI
SOD2	SSBP1
SOD2	STIP1
SOD2	STMN1
SOD2	STMN2
SOD2	STX4
SOD2	SYN1
SOD2	TMEM30A
SOD2	TXNL1
SOD2	UBE2V2
SOD2	UQCRB
SOD2	UQCRC2
SOD2	VPS13C
SRI	SSBP1
SRI	STIP1
SRI	STMN1
SRI	STMN2
SRI	STX4
SRI	SYN1
SRI	TXNL1
SRI	UBE2V2
SRI	UQCRB
SSBP1	STIP1
SSBP1	STMN1
SSBP1	STMN2
SSBP1	STX4
SSBP1	SYN1
SSBP1	A0A087WW96
SSBP1	TXNL1
SSBP1	UBE2V2
SSBP1	UQCRB
SSBP1	UQCRC2
SSBP1	VPS13C
STIP1	STMN1
STIP1	STMN2
STIP1	STX4
STIP1	SYN1
STIP1	A0A087WW96
STIP1	TK2
STIP1	TXNL1
STIP1	UBE2V2
STIP1	UQCRB
STIP1	UQCRC2
STIP1	VPS13C
STMN1	STMN2
STMN1	STX4
STMN1	TMEM30A
STMN1	UBE2V2
STMN1	UQCRB
STMN1	UQCRC2
STMN2	STX4
STMN2	TMEM30A
STMN2	UBE2V2
STMN2	UQCRB
STMN2	UQCRC2
STX4	SYN1
STX4	UBE2V2
STX4	UQCRB
SYN1	A0A087WW96
SYN1	TXNL1
SYN1	UBE2V2
SYN1	UQCRB
SYN1	UQCRC2
A0A087WW96	TXNL1
A0A087WW96	UBE2V2
A0A087WW96	UQCRC2
TXNL1	UBE2V2
TXNL1	UQCRC2
UBE2V2	UQCRB
UBE2V2	UQCRC2
UBE2V2	VPS13C
UQCRB	UQCRC2
UQCRB	VPS13C
UQCRC2	VPS13C
